date,CR_prod,CR_inv,CR_demand,G_prod,G_inv,G_demand,iron_ore_price,steel_operating_rate,steel_capacity_idx,auto_prod,auto_domestic_ship,auto_export_ship,appliance_prod_idx,appliance_ship_idx,construction_order_amt,usdkrw_avg,leading_idx,gov_bond_3y_avg,CR_prod_lag1,CR_prod_lag2,CR_inv_lag1,CR_inv_lag2,CR_demand_lag1,CR_demand_lag2,G_prod_lag1,G_prod_lag2,G_inv_lag1,G_inv_lag2,G_demand_lag1,G_demand_lag2,iron_ore_price_lag1,iron_ore_price_lag2,steel_operating_rate_lag1,steel_operating_rate_lag2,steel_capacity_idx_lag1,steel_capacity_idx_lag2,auto_prod_lag1,auto_prod_lag2,auto_domestic_ship_lag1,auto_domestic_ship_lag2,auto_export_ship_lag1,auto_export_ship_lag2,appliance_prod_idx_lag1,appliance_prod_idx_lag2,appliance_ship_idx_lag1,appliance_ship_idx_lag2,construction_order_amt_lag1,construction_order_amt_lag2,usdkrw_avg_lag1,usdkrw_avg_lag2,leading_idx_lag1,leading_idx_lag2,gov_bond_3y_avg_lag1,gov_bond_3y_avg_lag2,construction_order_amt_lag3,construction_order_amt_lag6,CR_demand_ma3,CR_demand_std3,construction_order_amt_pct,auto_prod_pct,CR_prod_pct,covid_dummy,posco_flood_dummy,month,target_month,target
2017-07-01,721,237,704,910,362,896,66.74,110.653,101.106,371423,131512,224644,84.279,87.486,9898773,1133.13,92.4,1.74,700.0,707.0,221.0,198.0,674.0,713.0,883.0,871.0,352.0,327.0,856.0,857.0,57.86,61.63,111.454,111.202,101.106,101.206,382807.0,356204.0,140964.0,136355.0,237155.0,216670.0,88.822,90.484,85.441,84.285,10974531.0,12810824.0,1131.62,1124.65,92.1,91.7,1.67,1.7,16246983.0,10981035.0,697.0,20.420577856662238,-9.802314103445509,-2.973822317773711,3.0000000000000027,0,0,7,8,-0.5681818181818232
2017-08-01,699,233,700,911,425,845,74.59,112.872,101.106,274168,121560,171231,94.379,89.709,13607659,1131.4,92.8,1.78,721.0,700.0,237.0,221.0,704.0,674.0,910.0,883.0,362.0,352.0,896.0,856.0,66.74,57.86,110.653,111.454,101.106,101.106,371423.0,382807.0,131512.0,140964.0,224644.0,237155.0,84.279,88.822,87.486,85.441,9898773.0,10974531.0,1133.13,1131.62,92.4,92.1,1.74,1.67,12810824.0,14722222.0,692.6666666666666,16.289055630494286,37.468138727900914,-26.184431228006876,-3.051317614424409,0,0,8,9,-1.28571428571429
2017-09-01,698,239,691,811,377,854,69.24,112.331,101.106,356749,134284,225363,92.925,86.775,10781612,1132.93,92.9,1.79,699.0,721.0,233.0,237.0,700.0,704.0,911.0,910.0,425.0,362.0,845.0,896.0,74.59,66.74,112.872,110.653,101.106,101.106,274168.0,371423.0,121560.0,131512.0,171231.0,224644.0,94.379,84.279,89.709,87.486,13607659.0,9898773.0,1131.4,1133.13,92.8,92.4,1.78,1.74,10974531.0,8422517.0,698.3333333333334,6.658328118479772,-20.76806157473523,30.12058300020426,-0.14306151645206988,0,0,9,10,-9.261939218523874
2017-10-01,621,231,627,926,454,844,61.05,114.672,101.106,280680,113378,174011,95.013,85.886,12718684,1129.48,93.2,2.03,698.0,699.0,239.0,233.0,691.0,700.0,811.0,911.0,377.0,425.0,854.0,845.0,69.24,74.59,112.331,112.872,101.106,101.106,356749.0,274168.0,134284.0,121560.0,225363.0,171231.0,92.925,94.379,86.775,89.709,10781612.0,13607659.0,1132.93,1131.4,92.9,92.8,1.79,1.78,9898773.0,16246983.0,672.6666666666666,39.80368492154134,17.966441381863852,-21.322834822241965,-11.031518624641834,0,0,10,11,-3.6682615629984094
2017-11-01,592,217,604,791,396,845,63.41,109.846,101.106,382034,141073,234619,90.531,90.153,10372517,1102.82,93.4,2.15,621.0,698.0,231.0,239.0,627.0,691.0,926.0,811.0,454.0,377.0,844.0,854.0,61.05,69.24,114.672,112.331,101.106,101.106,280680.0,356749.0,113378.0,134284.0,174011.0,225363.0,95.013,92.925,85.886,86.775,12718684.0,10781612.0,1129.48,1132.93,93.2,92.9,2.03,1.79,13607659.0,12810824.0,640.6666666666666,45.081407845511386,-18.446617590310442,36.11016103748042,-4.669887278582929,0,0,11,12,-1.1589403973509937
2017-12-01,627,243,597,842,446,787,71.74,110.646,101.106,287311,133098,178936,87.858,88.909,12849288,1085.95,93.5,2.1,592.0,621.0,217.0,231.0,604.0,627.0,791.0,926.0,396.0,454.0,845.0,844.0,63.41,61.05,109.846,114.672,101.106,101.106,382034.0,280680.0,141073.0,113378.0,234619.0,174011.0,90.531,95.013,90.153,85.886,10372517.0,12718684.0,1102.82,1129.48,93.4,93.2,2.15,2.03,10781612.0,10974531.0,609.3333333333334,15.695009822658104,23.878206225162124,-24.79439002811268,5.912162162162171,0,0,12,1,18.257956448911216
2018-01-01,705,234,706,868,454,856,75.78,110.727,100.603,322408,113064,189638,91.093,90.064,15159024,1066.54,93.7,2.19,627.0,592.0,243.0,217.0,597.0,604.0,842.0,791.0,446.0,396.0,787.0,845.0,71.74,63.41,110.646,109.846,101.106,101.106,287311.0,382034.0,133098.0,141073.0,178936.0,234619.0,87.858,90.531,88.909,90.153,12849288.0,10372517.0,1085.95,1102.82,93.5,93.4,2.1,2.15,12718684.0,9898773.0,635.6666666666666,61.01092798288956,17.97559522364196,12.21568265746873,12.440191387559807,0,0,1,2,-6.090651558073656
2018-02-01,675,245,663,809,455,802,77.65,109.786,100.603,276938,106035,163094,95.553,96.555,12926860,1080.7,94.0,2.28,705.0,627.0,234.0,243.0,706.0,597.0,868.0,842.0,454.0,446.0,856.0,787.0,75.78,71.74,110.727,110.646,100.603,101.106,322408.0,287311.0,113064.0,133098.0,189638.0,178936.0,91.093,87.858,90.064,88.909,15159024.0,12849288.0,1066.54,1085.95,93.7,93.5,2.19,2.1,10372517.0,13607659.0,655.3333333333334,54.9029446690552,-14.724984933066931,-14.10324805836084,-4.255319148936165,0,0,2,3,7.088989441930615
2018-03-01,712,243,710,828,404,874,71.32,106.879,101.005,363464,140079,221120,89.472,93.354,12265129,1071.21,94.2,2.27,675.0,705.0,245.0,234.0,663.0,706.0,809.0,868.0,455.0,454.0,802.0,856.0,77.65,75.78,109.786,110.727,100.603,100.603,276938.0,322408.0,106035.0,113064.0,163094.0,189638.0,95.553,91.093,96.555,90.064,12926860.0,15159024.0,1080.7,1066.54,94.0,93.7,2.28,2.19,12849288.0,10781612.0,693.0,26.057628441590808,-5.119038962284728,31.24381630545465,5.481481481481487,0,0,3,4,2.5352112676056304
2018-04-01,732,244,728,810,402,806,66.33,109.132,101.005,354156,134819,216627,93.677,95.755,10237383,1068.05,94.3,2.19,712.0,675.0,243.0,245.0,710.0,663.0,828.0,809.0,404.0,455.0,874.0,802.0,71.32,77.65,106.879,109.786,101.005,100.603,363464.0,276938.0,140079.0,106035.0,221120.0,163094.0,89.472,95.553,93.354,96.555,12265129.0,12926860.0,1071.21,1080.7,94.2,94.0,2.27,2.28,15159024.0,12718684.0,700.3333333333334,33.56088993655167,-16.53261046011012,-2.560913873175885,2.8089887640449396,0,0,4,5,4.258241758241765
2018-05-01,749,232,759,796,370,823,66.63,110.125,101.005,351595,134301,213175,98.426,93.087,15163956,1077.05,94.6,2.25,732.0,712.0,244.0,243.0,728.0,710.0,810.0,828.0,402.0,404.0,806.0,874.0,66.33,71.32,109.132,106.879,101.005,101.005,354156.0,363464.0,134819.0,140079.0,216627.0,221120.0,93.677,89.472,95.755,93.354,10237383.0,12265129.0,1068.05,1071.21,94.3,94.2,2.19,2.27,12926860.0,10372517.0,732.3333333333334,24.78574859336173,48.12336316810655,-0.7231276612566173,2.3224043715847076,0,0,5,6,-5.533596837944666
2018-06-01,680,193,717,810,383,792,66.86,109.478,100.503,336183,132413,211890,96.773,94.777,10293830,1095.96,94.7,2.18,749.0,732.0,232.0,244.0,759.0,728.0,796.0,810.0,370.0,402.0,823.0,806.0,66.63,66.33,110.125,109.132,101.005,101.005,351595.0,354156.0,134301.0,134819.0,213175.0,216627.0,98.426,93.677,93.087,95.755,15163956.0,10237383.0,1077.05,1068.05,94.6,94.3,2.25,2.19,12265129.0,12849288.0,734.6666666666666,21.779194965226147,-32.116460902418865,-4.383452551941868,-9.212283044058744,0,0,6,7,1.5341701534170138
2018-07-01,768,232,728,860,399,839,67.05,108.678,100.503,306376,134355,193439,93.402,95.843,12237631,1123.05,94.9,2.1,680.0,749.0,193.0,232.0,717.0,759.0,810.0,796.0,383.0,370.0,792.0,823.0,66.86,66.63,109.478,110.125,100.503,101.005,336183.0,351595.0,132413.0,134301.0,211890.0,213175.0,96.773,98.426,94.777,93.087,10293830.0,15163956.0,1095.96,1077.05,94.7,94.6,2.18,2.25,10237383.0,15159024.0,734.6666666666666,21.779194965226147,18.88316593532242,-8.866301984335912,12.941176470588234,0,0,7,8,1.098901098901095
2018-08-01,775,269,736,864,417,851,68.02,108.404,100.503,296465,126880,169976,93.67,86.064,9747204,1120.96,94.8,2.02,768.0,680.0,232.0,193.0,728.0,717.0,860.0,810.0,399.0,383.0,839.0,792.0,67.05,66.86,108.678,109.478,100.503,100.503,306376.0,336183.0,134355.0,132413.0,193439.0,211890.0,93.402,96.773,95.843,94.777,12237631.0,10293830.0,1123.05,1095.96,94.9,94.7,2.1,2.18,15163956.0,12926860.0,727.0,9.539392014169342,-20.350564582311726,-3.234913961929131,0.9114583333333259,0,0,8,9,0.0
2018-09-01,700,230,736,788,374,825,68.8,107.038,100.402,291971,110537,180051,88.328,92.998,12112464,1120.19,94.9,1.95,775.0,768.0,269.0,232.0,736.0,728.0,864.0,860.0,417.0,399.0,851.0,839.0,68.02,67.05,108.404,108.678,100.503,100.503,296465.0,306376.0,126880.0,134355.0,169976.0,193439.0,93.67,93.402,86.064,95.843,9747204.0,12237631.0,1120.96,1123.05,94.8,94.9,2.02,2.1,10293830.0,12265129.0,733.3333333333334,4.618802153516764,24.266035675461396,-1.5158619061272027,-9.677419354838712,0,0,9,10,-1.4945652173913082
2018-10-01,717,221,725,821,376,815,72.02,109.602,100.402,381655,140068,232366,89.99,89.798,10500906,1132.78,94.9,2.01,700.0,775.0,230.0,269.0,736.0,736.0,788.0,864.0,374.0,417.0,825.0,851.0,68.8,68.02,107.038,108.404,100.402,100.503,291971.0,296465.0,110537.0,126880.0,180051.0,169976.0,88.328,93.67,92.998,86.064,12112464.0,9747204.0,1120.19,1120.96,94.9,94.8,1.95,2.02,12237631.0,10237383.0,732.3333333333334,6.350852961085712,-13.30495595281026,30.716749266194256,2.4285714285714244,0,0,10,11,-7.862068965517244
2018-11-01,668,219,668,812,401,797,72.3,109.282,100.402,390573,140381,237952,96.361,86.508,10796419,1127.55,94.9,1.94,717.0,700.0,221.0,230.0,725.0,736.0,821.0,788.0,376.0,374.0,815.0,825.0,72.02,68.8,109.602,107.038,100.402,100.402,381655.0,291971.0,140068.0,110537.0,232366.0,180051.0,89.99,88.328,89.798,92.998,10500906.0,12112464.0,1132.78,1120.19,94.9,94.9,2.01,1.95,9747204.0,15163956.0,709.6666666666666,36.50114153466067,2.81416670142558,2.3366653129134995,-6.8340306834030695,0,0,11,12,-6.736526946107779
2018-12-01,703,296,623,816,446,765,68.9,105.145,100.402,356932,139414,220333,96.131,93.976,13295945,1122.65,94.9,1.83,668.0,717.0,219.0,221.0,668.0,725.0,812.0,821.0,401.0,376.0,797.0,815.0,72.3,72.02,109.282,109.602,100.402,100.402,390573.0,381655.0,140381.0,140068.0,237952.0,232366.0,96.361,89.99,86.508,89.798,10796419.0,10500906.0,1127.55,1132.78,94.9,94.9,1.94,2.01,12112464.0,10293830.0,672.0,51.11751167652819,23.15143567510671,-8.613242594854231,5.239520958083843,0,0,12,1,19.357818339783808
2019-01-01,759,295,758,878,447,855,75.2,107.836,100.603,354305,117959,209906,95.667,96.821,11002383,1121.72,95.0,1.81,703.0,668.0,296.0,219.0,623.0,668.0,816.0,812.0,446.0,401.0,765.0,797.0,68.9,72.3,105.145,109.282,100.402,100.402,356932.0,390573.0,139414.0,140381.0,220333.0,237952.0,96.131,96.361,93.976,86.508,13295945.0,10796419.0,1122.65,1127.55,94.9,94.9,1.83,1.94,10500906.0,12237631.0,683.0,68.73863542433757,-17.250086398522257,-0.7359945311712024,7.965860597439556,0,0,1,2,-9.366754617414252
2019-02-01,675,281,687,751,410,782,87.59,106.431,100.603,257276,104732,164048,94.037,100.2,10719920,1123.66,95.2,1.8,759.0,703.0,295.0,296.0,758.0,623.0,878.0,816.0,447.0,446.0,855.0,765.0,75.2,68.9,107.836,105.145,100.603,100.402,354305.0,356932.0,117959.0,139414.0,209906.0,220333.0,95.667,96.131,96.821,93.976,11002383.0,13295945.0,1121.72,1122.65,95.0,94.9,1.81,1.83,10796419.0,9747204.0,689.3333333333334,67.53024013975761,-2.5672892863300656,-27.385726986635806,-11.067193675889332,0,0,2,3,2.911208151382816
2019-03-01,694,266,707,786,418,774,87.07,107.53,100.603,345821,138849,208121,95.006,103.49,17611869,1131.88,95.6,1.79,675.0,759.0,281.0,295.0,687.0,758.0,751.0,878.0,410.0,447.0,782.0,855.0,87.59,75.2,106.431,107.836,100.603,100.603,257276.0,354305.0,104732.0,117959.0,164048.0,209906.0,94.037,95.667,100.2,96.821,10719920.0,11002383.0,1123.66,1121.72,95.2,95.0,1.8,1.81,13295945.0,12112464.0,717.3333333333334,36.61056313870804,64.29104881379712,34.416346647180454,2.8148148148148255,0,0,3,4,-7.4964639321075
2019-04-01,625,234,654,808,419,797,94.5,108.047,100.704,371931,136809,222395,89.269,90.954,13537646,1142.79,95.8,1.74,694.0,675.0,266.0,281.0,707.0,687.0,786.0,751.0,418.0,410.0,774.0,782.0,87.07,87.59,107.53,106.431,100.603,100.603,345821.0,257276.0,138849.0,104732.0,208121.0,164048.0,95.006,94.037,103.49,100.2,17611869.0,10719920.0,1131.88,1123.66,95.6,95.2,1.79,1.8,11002383.0,10500906.0,682.6666666666666,26.764404221527673,-23.133393735781247,7.550148776390109,-9.942363112391927,0,0,4,5,1.3761467889908285
2019-05-01,671,240,663,864,428,849,101.76,106.617,100.704,366152,134272,225191,83.299,93.799,10123356,1184.93,95.9,1.68,625.0,694.0,234.0,266.0,654.0,707.0,808.0,786.0,419.0,418.0,797.0,774.0,94.5,87.07,108.047,107.53,100.704,100.603,371931.0,345821.0,136809.0,138849.0,222395.0,208121.0,89.269,95.006,90.954,103.49,13537646.0,17611869.0,1142.79,1131.88,95.8,95.6,1.74,1.79,10719920.0,10796419.0,674.6666666666666,28.360771028540952,-25.220706760983415,-1.5537828253089914,7.360000000000011,0,0,5,6,3.9215686274509887
2019-06-01,687,237,689,809,419,808,109.55,106.496,100.704,332847,125445,211622,93.2,92.554,10054461,1173.58,95.9,1.5,671.0,625.0,240.0,234.0,663.0,654.0,864.0,808.0,428.0,419.0,849.0,797.0,101.76,94.5,106.617,108.047,100.704,100.704,366152.0,371931.0,134272.0,136809.0,225191.0,222395.0,83.299,89.269,93.799,90.954,10123356.0,13537646.0,1184.93,1142.79,95.9,95.8,1.68,1.74,17611869.0,13295945.0,668.6666666666666,18.17507450695395,-0.6805549464031446,-9.095949223273392,2.3845007451564815,0,0,6,7,5.660377358490565
2019-07-01,742,249,728,865,419,857,119.59,107.452,100.704,359551,131638,205308,83.774,88.108,9004768,1177.09,95.9,1.38,687.0,671.0,237.0,240.0,689.0,663.0,809.0,864.0,419.0,428.0,808.0,849.0,109.55,101.76,106.496,106.617,100.704,100.704,332847.0,366152.0,125445.0,134272.0,211622.0,225191.0,93.2,83.299,92.554,93.799,10054461.0,10123356.0,1173.58,1184.93,95.9,95.9,1.5,1.68,13537646.0,11002383.0,693.3333333333334,32.715949219506484,-10.44007232212647,8.022905419006321,8.005822416302767,0,0,7,8,-2.6098901098901117
2019-08-01,736,272,709,810,431,787,93.5,103.715,100.704,249390,118822,162163,76.465,84.908,9212479,1210.66,96.0,1.16,742.0,687.0,249.0,237.0,728.0,689.0,865.0,809.0,419.0,419.0,857.0,808.0,119.59,109.55,107.452,106.496,100.704,100.704,359551.0,332847.0,131638.0,125445.0,205308.0,211622.0,83.774,93.2,88.108,92.554,9004768.0,10054461.0,1177.09,1173.58,95.9,95.9,1.38,1.5,10123356.0,10719920.0,708.6666666666666,19.502136635079914,2.3066779732692666,-30.638490784339357,-0.8086253369272267,0,0,8,9,-5.359661495063472
2019-09-01,672,271,671,819,461,781,92.26,105.39,100.704,278016,112772,168162,90.784,85.975,16271058,1196.79,96.4,1.29,736.0,742.0,272.0,249.0,709.0,728.0,810.0,865.0,431.0,419.0,787.0,857.0,93.5,119.59,103.715,107.452,100.704,100.704,249390.0,359551.0,118822.0,131638.0,162163.0,205308.0,76.465,83.774,84.908,88.108,9212479.0,9004768.0,1210.66,1177.09,96.0,95.9,1.16,1.38,10054461.0,17611869.0,702.6666666666666,29.022979401386856,76.6197567451714,11.478407313845773,-8.695652173913048,0,0,9,10,0.0
2019-10-01,650,249,671,786,459,785,88.59,105.039,100.603,351409,135360,207308,89.177,84.196,15020250,1182.29,96.9,1.36,672.0,736.0,271.0,272.0,671.0,709.0,819.0,810.0,461.0,431.0,781.0,787.0,92.26,93.5,105.39,103.715,100.704,100.704,278016.0,249390.0,112772.0,118822.0,168162.0,162163.0,90.784,76.465,85.975,84.908,16271058.0,9212479.0,1196.79,1210.66,96.4,96.0,1.29,1.16,9004768.0,13537646.0,683.6666666666666,21.93931022920558,-7.6873181817679,26.398840354511965,-3.2738095238095233,0,0,10,11,2.3845007451564815
2019-11-01,685,243,687,793,462,784,82.9,105.051,100.503,346404,136855,212308,87.065,85.441,12411473,1168.43,97.5,1.49,650.0,672.0,249.0,271.0,671.0,671.0,786.0,819.0,459.0,461.0,785.0,781.0,88.59,92.26,105.039,105.39,100.603,100.704,351409.0,278016.0,135360.0,112772.0,207308.0,168162.0,89.177,90.784,84.196,85.975,15020250.0,16271058.0,1182.29,1196.79,96.9,96.4,1.36,1.29,9212479.0,10123356.0,676.3333333333334,9.237604307033488,-17.368399327574448,-1.424266310766087,5.384615384615388,0,0,11,12,0.14556040756914523
2019-12-01,738,289,688,829,526,760,90.98,104.712,100.402,337512,145313,204850,90.824,86.775,16153618,1176.01,98.1,1.39,685.0,650.0,243.0,249.0,687.0,671.0,793.0,786.0,462.0,459.0,784.0,785.0,82.9,88.59,105.051,105.039,100.503,100.603,346404.0,351409.0,136855.0,135360.0,212308.0,207308.0,87.065,89.177,85.441,84.196,12411473.0,15020250.0,1168.43,1182.29,97.5,96.9,1.49,1.36,16271058.0,10054461.0,682.0,9.539392014168941,30.150692025032,-2.5669449544462486,7.7372262773722555,0,0,12,1,6.1046511627907085
2020-01-01,791,591,730,781,599,703,95.22,103.8,100.3,251578,99964,148546,89.9,89.1,13750684,1166.68,98.4,1.37,738.0,685.0,289.0,243.0,688.0,687.0,829.0,793.0,526.0,462.0,760.0,784.0,90.98,82.9,104.712,105.051,100.402,100.503,337512.0,346404.0,145313.0,136855.0,204850.0,212308.0,90.824,87.065,86.775,85.441,16153618.0,12411473.0,1176.01,1168.43,98.1,97.5,1.39,1.49,15020250.0,9004768.0,701.6666666666666,24.542480178933108,-14.875515813237627,-25.46102064519188,7.181571815718146,0,0,1,2,8.904109589041088
2020-02-01,788,584,795,806,592,809,87.63,107.7,100.4,189230,82128,119942,76.1,89.8,12558812,1195.16,98.7,1.25,791.0,738.0,591.0,289.0,730.0,688.0,781.0,829.0,599.0,526.0,703.0,760.0,95.22,90.98,103.8,104.712,100.3,100.402,251578.0,337512.0,99964.0,145313.0,148546.0,204850.0,89.9,90.824,89.1,86.775,13750684.0,16153618.0,1166.68,1176.01,98.4,98.1,1.37,1.39,12411473.0,9212479.0,737.6666666666666,53.910419524738685,-8.667728819889975,-24.782771148510598,-0.37926675094817064,0,0,2,3,0.2515723270440251
2020-03-01,767,553,797,792,561,820,88.66,105.8,100.3,369037,151478,206677,93.2,93.3,12476050,1220.23,98.6,1.09,788.0,791.0,584.0,591.0,795.0,730.0,806.0,781.0,592.0,599.0,809.0,703.0,87.63,95.22,107.7,103.8,100.4,100.3,189230.0,251578.0,82128.0,99964.0,119942.0,148546.0,76.1,89.9,89.8,89.1,12558812.0,13750684.0,1195.16,1166.68,98.7,98.4,1.25,1.37,16153618.0,16271058.0,774.0,38.11823710509176,-0.6589954527546071,95.02034561116102,-2.6649746192893398,1,0,3,4,-20.657359207271746
2020-04-01,715,636,631,724,555,627,83.75,101.4,100.3,289532,145562,123240,88.9,91.8,10342304,1224.42,98.5,1.02,767.0,788.0,553.0,584.0,797.0,795.0,792.0,806.0,561.0,592.0,820.0,809.0,88.66,87.63,105.8,107.7,100.3,100.4,369037.0,189230.0,151478.0,82128.0,206677.0,119942.0,93.2,76.1,93.3,89.8,12476050.0,12558812.0,1220.23,1195.16,98.6,98.7,1.09,1.25,13750684.0,15020250.0,741.0,95.2680429105164,-17.10273684379271,-21.54391023122343,-6.779661016949157,1,0,4,5,-2.377179080824088
2020-05-01,625,644,616,593,676,568,91.33,91.3,99.9,231116,146515,95791,89.0,89.6,14780447,1230.06,98.5,0.88,715.0,767.0,636.0,553.0,631.0,797.0,724.0,792.0,555.0,561.0,627.0,820.0,83.75,88.66,101.4,105.8,100.3,100.3,289532.0,369037.0,145562.0,151478.0,123240.0,206677.0,88.9,93.2,91.8,93.3,10342304.0,12476050.0,1224.42,1220.23,98.5,98.6,1.02,1.09,12558812.0,12411473.0,681.3333333333334,100.45065123399316,42.9125173655696,-20.176008178716,-12.587412587412583,1,0,5,6,-1.7857142857142905
2020-06-01,558,595,605,568,564,693,103.34,88.4,99.9,297033,176821,126677,104.0,104.9,16975416,1207.83,99.0,0.85,625.0,715.0,644.0,636.0,616.0,631.0,593.0,724.0,676.0,555.0,568.0,627.0,91.33,83.75,91.3,101.4,99.9,100.3,231116.0,289532.0,146515.0,145562.0,95791.0,123240.0,89.0,88.9,89.6,91.8,14780447.0,10342304.0,1230.06,1224.42,98.5,98.5,0.88,1.02,12476050.0,16153618.0,617.3333333333334,13.051181300301275,14.8504913281716,28.521175513594898,-10.719999999999995,1,0,6,7,19.357818339783808
2020-07-01,698,565,727,684,553,690,108.02,91.8,99.9,345726,144712,186428,108.0,104.1,15957105,1198.86,99.6,0.83,558.0,625.0,595.0,644.0,605.0,616.0,568.0,593.0,564.0,676.0,693.0,568.0,103.34,91.33,88.4,91.3,99.9,99.9,297033.0,231116.0,176821.0,146515.0,126677.0,95791.0,104.0,89.0,104.9,89.6,16975416.0,14780447.0,1207.83,1230.06,99.0,98.5,0.85,0.88,10342304.0,13750684.0,649.3333333333334,67.48580097571141,-5.9987395890622075,16.393128036278792,25.08960573476702,1,0,7,8,7.290233837689142
2020-08-01,759,557,780,802,594,758,120.07,95.8,99.9,233363,112142,130477,108.1,107.8,15832054,1186.26,100.4,0.83,698.0,558.0,565.0,595.0,727.0,605.0,684.0,568.0,553.0,564.0,690.0,693.0,108.02,103.34,91.8,88.4,99.9,99.9,345726.0,297033.0,144712.0,176821.0,186428.0,126677.0,108.0,104.0,104.1,104.9,15957105.0,16975416.0,1198.86,1207.83,99.6,99.0,0.83,0.85,14780447.0,12558812.0,704.0,89.73850901368931,-0.7836697195387266,-32.50059295511475,8.739255014326641,1,0,8,9,2.051282051282044
2020-09-01,768,528,796,804,524,869,123.0,103.0,99.9,342494,138828,191374,108.2,108.1,14669281,1177.65,101.1,0.91,759.0,698.0,557.0,565.0,780.0,727.0,802.0,684.0,594.0,553.0,758.0,690.0,120.07,108.02,95.8,91.8,99.9,99.9,233363.0,345726.0,112142.0,144712.0,130477.0,186428.0,108.1,108.0,107.8,104.1,15832054.0,15957105.0,1186.26,1198.86,100.4,99.6,0.83,0.83,16975416.0,12476050.0,767.6666666666666,36.11555528208493,-7.344422903054781,46.76448280147238,1.1857707509881354,1,0,9,10,4.773869346733672
2020-10-01,765,458,834,725,441,807,119.25,104.1,99.9,336283,135809,194893,111.5,108.9,15532675,1141.93,101.7,0.91,768.0,759.0,528.0,557.0,796.0,780.0,804.0,802.0,524.0,594.0,869.0,758.0,123.0,120.07,103.0,95.8,99.9,99.9,342494.0,233363.0,138828.0,112142.0,191374.0,130477.0,108.2,108.1,108.1,107.8,14669281.0,15832054.0,1177.65,1186.26,101.1,100.4,0.91,0.83,15957105.0,10342304.0,803.3333333333334,27.73685875028628,5.88572814168602,-1.813462425619139,-0.390625,1,0,10,11,-5.1558752997601935
2020-11-01,749,415,791,773,413,798,123.52,103.8,99.8,324476,143884,187882,108.1,107.4,17007529,1115.2,102.4,0.97,765.0,768.0,458.0,528.0,834.0,796.0,725.0,804.0,441.0,524.0,807.0,869.0,119.25,123.0,104.1,103.0,99.9,99.9,336283.0,342494.0,135809.0,138828.0,194893.0,191374.0,111.5,108.2,108.9,108.1,15532675.0,14669281.0,1141.93,1177.65,101.7,101.1,0.91,0.91,15832054.0,14780447.0,807.0,23.515952032609665,9.495170664421938,-3.5110308876749596,-2.09150326797386,1,0,11,12,-12.895069532237668
2020-12-01,737,462,689,813,451,771,153.07,104.3,99.8,296906,133375,174756,114.3,107.7,16321842,1094.5,103.0,0.97,749.0,765.0,415.0,458.0,791.0,834.0,773.0,725.0,413.0,441.0,798.0,807.0,123.52,119.25,103.8,104.1,99.8,99.9,324476.0,336283.0,143884.0,135809.0,187882.0,194893.0,108.1,111.5,107.4,108.9,17007529.0,15532675.0,1115.2,1141.93,102.4,101.7,0.97,0.91,14669281.0,16975416.0,771.3333333333334,74.47370900749696,-4.031667386837912,-8.496776340931223,-1.602136181575431,1,0,12,1,19.357818339783808
2021-01-01,870,483,849,818,449,821,166.74,100.4,99.7,314190,116550,192073,106.5,110.5,16426938,1099.03,103.7,0.98,737.0,749.0,462.0,415.0,689.0,791.0,813.0,773.0,451.0,413.0,771.0,798.0,153.07,123.52,104.3,103.8,99.8,99.8,296906.0,324476.0,133375.0,143884.0,174756.0,187882.0,114.3,108.1,107.7,107.4,16321842.0,17007529.0,1094.5,1115.2,103.0,102.4,0.97,0.97,15532675.0,15957105.0,776.3333333333334,81.002057587035,0.6438979129929079,5.821371073673154,18.0461329715061,1,0,1,2,-9.18727915194346
2021-02-01,790,500,771,735,463,730,162.33,106.2,99.6,260781,101734,159520,95.1,99.2,17333044,1112.31,104.3,1.0,870.0,737.0,483.0,462.0,849.0,689.0,818.0,813.0,449.0,451.0,821.0,771.0,166.74,153.07,100.4,104.3,99.7,99.8,314190.0,296906.0,116550.0,133375.0,192073.0,174756.0,106.5,114.3,110.5,107.7,16426938.0,16321842.0,1099.03,1094.5,103.7,103.0,0.98,0.97,17007529.0,15832054.0,769.6666666666666,80.00833289935076,5.515976258022026,-16.99894968012986,-9.195402298850574,1,0,2,3,2.7237354085603016
2021-03-01,843,549,792,790,404,844,166.74,104.0,99.6,333869,141582,194562,116.2,113.5,16974606,1131.06,105.0,1.13,790.0,870.0,500.0,483.0,771.0,849.0,735.0,818.0,463.0,449.0,730.0,821.0,162.33,166.74,106.2,100.4,99.6,99.7,260781.0,314190.0,101734.0,116550.0,159520.0,192073.0,95.1,106.5,99.2,110.5,17333044.0,16426938.0,1112.31,1099.03,104.3,103.7,1.0,0.98,16321842.0,14669281.0,804.0,40.360872141221165,-2.0679460572534225,28.02658169115082,6.708860759493662,0,0,3,4,-1.1363636363636354
2021-04-01,778,540,783,786,396,801,178.25,105.3,99.6,323672,136180,175015,126.7,122.3,19750657,1118.32,105.7,1.14,843.0,790.0,549.0,500.0,792.0,771.0,790.0,735.0,404.0,463.0,844.0,730.0,166.74,162.33,104.0,106.2,99.6,99.6,333869.0,260781.0,141582.0,101734.0,194562.0,159520.0,116.2,95.1,113.5,99.2,16974606.0,17333044.0,1131.06,1112.31,105.0,104.3,1.13,1.0,16426938.0,15532675.0,782.0,10.535653752852868,16.35414100333168,-3.0541919135948503,-7.710557532621587,0,0,4,5,2.937420178799499
2021-05-01,832,566,806,820,406,794,202.86,104.5,99.5,256333,124802,153524,114.2,114.2,17556939,1123.39,106.4,1.13,778.0,843.0,540.0,549.0,783.0,792.0,786.0,790.0,396.0,404.0,801.0,844.0,178.25,166.74,105.3,104.0,99.6,99.6,323672.0,333869.0,136180.0,141582.0,175015.0,194562.0,126.7,116.2,122.3,113.5,19750657.0,16974606.0,1118.32,1131.06,105.7,105.0,1.14,1.13,17333044.0,17007529.0,793.6666666666666,11.590225767142606,-11.107063425788821,-20.804703527027357,6.940874035989708,0,0,5,6,-4.714640198511166
2021-06-01,737,534,768,638,367,672,215.82,103.9,100.0,325781,135497,183514,115.8,120.5,13874043,1121.99,107.0,1.3,832.0,778.0,566.0,540.0,806.0,783.0,820.0,786.0,406.0,396.0,794.0,801.0,202.86,178.25,104.5,105.3,99.5,99.6,256333.0,323672.0,124802.0,136180.0,153524.0,175015.0,114.2,126.7,114.2,122.3,17556939.0,19750657.0,1123.39,1118.32,106.4,105.7,1.13,1.14,16974606.0,16321842.0,785.6666666666666,19.139836293274193,-20.976868462093535,27.0928830856737,-11.41826923076923,0,0,6,7,7.421875
2021-07-01,844,552,825,790,421,732,214.34,106.9,100.0,297584,124042,181708,126.9,132.7,16186761,1145.14,107.1,1.42,737.0,832.0,534.0,566.0,768.0,806.0,638.0,820.0,367.0,406.0,672.0,794.0,215.82,202.86,103.9,104.5,100.0,99.5,325781.0,256333.0,135497.0,124802.0,183514.0,153524.0,115.8,114.2,120.5,114.2,13874043.0,17556939.0,1121.99,1123.39,107.0,106.4,1.3,1.13,19750657.0,16426938.0,799.6666666666666,29.022979401387047,16.66938757505654,-8.655200886485092,14.518317503392119,0,0,7,8,-11.515151515151512
2021-08-01,822,652,730,812,472,744,162.09,107.5,100.1,234963,106796,130213,121.5,123.5,19312241,1161.1,107.1,1.41,844.0,737.0,552.0,534.0,825.0,768.0,790.0,638.0,421.0,367.0,732.0,672.0,214.34,215.82,106.9,103.9,100.0,100.0,297584.0,325781.0,124042.0,135497.0,181708.0,183514.0,126.9,115.8,132.7,120.5,16186761.0,13874043.0,1145.14,1121.99,107.1,107.0,1.42,1.3,17556939.0,17333044.0,774.3333333333334,47.81561809004813,19.308866054178473,-21.043134039464483,-2.6066350710900466,0,0,8,9,12.328767123287676
2021-09-01,768,604,820,811,495,790,113.72,107.9,100.1,229423,92343,151214,121.8,117.4,14706099,1170.43,107.0,1.52,822.0,844.0,652.0,552.0,730.0,825.0,812.0,790.0,472.0,421.0,744.0,732.0,162.09,214.34,107.5,106.9,100.1,100.0,234963.0,297584.0,106796.0,124042.0,130213.0,181708.0,121.5,126.9,123.5,132.7,19312241.0,16186761.0,1161.1,1145.14,107.1,107.1,1.41,1.42,13874043.0,16974606.0,791.6666666666666,53.46338310781818,-23.850893327190768,-2.3578180394359993,-6.569343065693434,0,0,9,10,-10.609756097560973
2021-10-01,732,604,733,776,488,786,114.48,104.3,100.1,263723,107101,160123,128.1,132.8,16619686,1181.87,106.9,1.84,768.0,822.0,604.0,652.0,820.0,730.0,811.0,812.0,495.0,472.0,790.0,744.0,113.72,162.09,107.9,107.5,100.1,100.1,229423.0,234963.0,92343.0,106796.0,151214.0,130213.0,121.8,121.5,117.4,123.5,14706099.0,19312241.0,1170.43,1161.1,107.0,107.1,1.52,1.41,16186761.0,19750657.0,761.0,51.117511676528274,13.012199904271004,14.950549857686447,-4.6875,0,0,10,11,-5.047748976807642
2021-11-01,695,602,696,762,508,741,90.13,107.2,100.1,302983,123909,175621,124.9,114.8,15277025,1183.37,106.8,1.95,732.0,768.0,604.0,604.0,733.0,820.0,776.0,811.0,488.0,495.0,786.0,790.0,114.48,113.72,104.3,107.9,100.1,100.1,263723.0,229423.0,107101.0,92343.0,160123.0,151214.0,128.1,121.8,132.8,117.4,16619686.0,14706099.0,1181.87,1170.43,106.9,107.0,1.84,1.52,19312241.0,17556939.0,749.6666666666666,63.65794006511156,-8.078738671717389,14.886832016926842,-5.05464480874317,0,0,11,12,10.057471264367823
2021-12-01,802,635,766,765,570,697,110.46,104.7,100.1,319197,130250,183485,112.7,120.5,14637690,1183.78,107.0,1.8,695.0,732.0,602.0,604.0,696.0,733.0,762.0,776.0,508.0,488.0,741.0,786.0,90.13,114.48,107.2,104.3,100.1,100.1,302983.0,263723.0,123909.0,107101.0,175621.0,160123.0,124.9,128.1,114.8,132.8,15277025.0,16619686.0,1183.37,1181.87,106.8,106.9,1.95,1.84,14706099.0,13874043.0,731.6666666666666,35.01904243884083,-4.184944385441536,5.351455362182045,15.395683453237407,0,0,12,1,11.22715404699739
2022-01-01,875,679,852,839,589,808,133.05,108.0,100.1,271071,94387,180373,125.9,132.3,22122657,1195.3,107.4,2.06,802.0,695.0,635.0,602.0,766.0,696.0,765.0,762.0,570.0,508.0,697.0,741.0,110.46,90.13,104.7,107.2,100.1,100.1,319197.0,302983.0,130250.0,123909.0,183485.0,175621.0,112.7,124.9,120.5,114.8,14637690.0,15277025.0,1183.78,1183.37,107.0,106.8,1.8,1.95,16619686.0,16186761.0,771.3333333333334,78.13663246732183,51.13489218585718,-15.077209372268541,9.102244389027426,0,0,1,2,-11.032863849765262
2022-02-01,757,693,758,742,589,732,139.7,104.1,100.1,263959,103806,165323,123.5,118.2,16245724,1197.75,107.5,2.29,875.0,802.0,679.0,635.0,852.0,766.0,839.0,765.0,589.0,570.0,808.0,697.0,133.05,110.46,108.0,104.7,100.1,100.1,271071.0,319197.0,94387.0,130250.0,180373.0,183485.0,125.9,112.7,132.3,120.5,22122657.0,14637690.0,1195.3,1183.78,107.4,107.0,2.06,1.8,15277025.0,19312241.0,792.0,52.115256883181495,-26.565222251558662,-2.6236668621874015,-13.48571428571429,0,0,2,3,8.443271767810035
2022-03-01,823,697,822,746,542,788,147.35,105.4,100.1,302156,111596,177268,117.9,112.9,20479342,1221.27,107.7,2.37,757.0,875.0,693.0,679.0,758.0,852.0,742.0,839.0,589.0,589.0,732.0,808.0,139.7,133.05,104.1,108.0,100.1,100.1,263959.0,271071.0,103806.0,94387.0,165323.0,180373.0,123.5,125.9,118.2,132.3,16245724.0,22122657.0,1197.75,1195.3,107.5,107.4,2.29,2.06,14637690.0,14706099.0,810.6666666666666,48.013886880082204,26.05989120583361,14.47080796638871,8.71862615587846,0,0,3,4,-4.379562043795615
2022-04-01,743,652,786,753,543,747,146.67,102.0,100.1,306462,120356,197412,118.9,115.6,20360770,1235.09,107.8,2.94,823.0,757.0,697.0,693.0,822.0,758.0,746.0,742.0,542.0,589.0,788.0,732.0,147.35,139.7,105.4,104.1,100.1,100.1,302156.0,263959.0,111596.0,103806.0,177268.0,165323.0,117.9,123.5,112.9,118.2,20479342.0,16245724.0,1221.27,1197.75,107.7,107.5,2.37,2.29,22122657.0,16619686.0,788.6666666666666,32.0832251080425,-0.5789834458548526,1.425091674499268,-9.72053462940462,0,0,4,5,-1.9083969465648831
2022-05-01,782,660,771,704,533,707,131.09,103.8,100.1,307048,120490,180884,120.3,119.0,20876130,1268.38,108.3,3.02,743.0,823.0,652.0,697.0,786.0,822.0,753.0,746.0,543.0,542.0,747.0,788.0,146.67,147.35,102.0,105.4,100.1,100.1,306462.0,302156.0,120356.0,111596.0,197412.0,177268.0,118.9,117.9,115.6,112.9,20360770.0,20479342.0,1235.09,1221.27,107.8,107.7,2.94,2.37,16245724.0,15277025.0,793.0,26.21068484416224,2.5311419951210112,0.19121457146400456,5.248990578734869,0,0,5,6,-5.5771725032425445
2022-06-01,760,690,728,738,612,651,131.05,104.9,100.1,328360,121869,171765,114.1,107.0,20559299,1280.83,108.6,3.48,782.0,743.0,660.0,652.0,771.0,786.0,704.0,753.0,533.0,543.0,707.0,747.0,131.09,146.67,103.8,102.0,100.1,100.1,307048.0,306462.0,120490.0,120356.0,180884.0,197412.0,120.3,118.9,119.0,115.6,20876130.0,20360770.0,1268.38,1235.09,108.3,107.8,3.02,2.94,20479342.0,14637690.0,761.6666666666666,30.105370506494825,-1.5176711392389297,6.940934316458658,-2.813299232736577,0,0,6,7,12.225274725274726
2022-07-01,822,743,817,831,647,791,109.05,105.0,100.2,324306,122874,222654,99.7,105.5,21434349,1307.45,108.6,3.24,760.0,782.0,690.0,660.0,728.0,771.0,738.0,704.0,612.0,533.0,651.0,707.0,131.05,131.09,104.9,103.8,100.1,100.1,328360.0,307048.0,121869.0,120490.0,171765.0,180884.0,114.1,120.3,107.0,119.0,20559299.0,20876130.0,1280.83,1268.38,108.6,108.3,3.48,3.02,20360770.0,22122657.0,772.0,44.50842616853571,4.2562248839320915,-1.2346205384334286,8.157894736842097,0,0,7,8,-5.875152998776012
2022-08-01,772,738,769,812,665,787,109.07,99.3,100.2,284704,105702,166531,88.2,98.6,21257873,1320.35,108.8,3.25,822.0,760.0,743.0,690.0,817.0,728.0,831.0,738.0,647.0,612.0,791.0,651.0,109.05,131.05,105.0,104.9,100.2,100.1,324306.0,328360.0,122874.0,121869.0,222654.0,171765.0,99.7,114.1,105.5,107.0,21434349.0,20559299.0,1307.45,1280.83,108.6,108.6,3.24,3.48,20876130.0,16245724.0,771.3333333333334,44.54585652261418,-0.8233326797095653,-12.211306605489881,-6.082725060827254,0,0,8,9,-18.725617685305597
2022-09-01,560,669,625,646,610,696,100.84,78.7,100.2,307641,114343,195289,103.5,94.4,22646875,1396.5,109.0,3.9,772.0,822.0,738.0,743.0,769.0,817.0,812.0,831.0,665.0,647.0,787.0,791.0,109.07,109.05,99.3,105.0,100.2,100.2,284704.0,324306.0,105702.0,122874.0,166531.0,222654.0,88.2,99.7,98.6,105.5,21257873.0,21434349.0,1320.35,1307.45,108.8,108.6,3.25,3.24,20559299.0,20479342.0,737.0,99.91996797437433,6.534059169513329,8.056437563223561,-27.461139896373055,0,1,9,10,-5.9200000000000035
2022-10-01,564,632,588,545,498,651,94.62,77.3,100.2,328173,120580,207594,87.4,99.1,10128951,1425.83,109.2,4.24,560.0,772.0,669.0,738.0,625.0,769.0,646.0,812.0,610.0,665.0,696.0,787.0,100.84,109.07,78.7,99.3,100.2,100.2,307641.0,284704.0,114343.0,105702.0,195289.0,166531.0,103.5,88.2,94.4,98.6,22646875.0,21257873.0,1396.5,1320.35,109.0,108.8,3.9,3.25,21434349.0,20360770.0,660.6666666666666,95.62600761996354,-55.274398785704435,6.674012891649683,0.7142857142857117,0,1,10,11,-5.102040816326525
2022-11-01,572,639,558,590,454,626,94.57,79.2,100.2,379797,127487,217519,87.9,90.1,13816718,1357.86,109.1,3.9,564.0,560.0,632.0,669.0,588.0,625.0,545.0,646.0,498.0,610.0,651.0,696.0,94.62,100.84,77.3,78.7,100.2,100.2,328173.0,307641.0,120580.0,114343.0,207594.0,195289.0,87.4,103.5,99.1,94.4,10128951.0,22646875.0,1425.83,1396.5,109.2,109.0,4.24,3.9,21257873.0,20876130.0,590.3333333333334,33.5608899365515,36.40818284144134,15.730727390735977,1.4184397163120588,0,1,11,12,19.357818339783808
2022-12-01,619,560,689,610,372,682,111.41,84.1,100.1,353372,131621,217721,81.6,78.0,11913011,1294.42,108.9,3.63,572.0,564.0,639.0,632.0,558.0,588.0,590.0,545.0,454.0,498.0,626.0,651.0,94.57,94.62,79.2,77.3,100.2,100.2,379797.0,328173.0,127487.0,120580.0,217519.0,207594.0,87.9,87.4,90.1,99.1,13816718.0,10128951.0,1357.86,1425.83,109.1,109.2,3.9,4.24,22646875.0,20559299.0,611.6666666666666,68.63186820518094,-13.778286565593945,-6.9576642258890935,8.216783216783208,0,1,12,1,1.4513788098693858
2023-01-01,737,592,699,752,381,718,122.43,91.0,100.6,307072,100973,198511,96.0,107.2,25700310,1245.34,108.9,3.46,619.0,572.0,560.0,639.0,689.0,558.0,610.0,590.0,372.0,454.0,682.0,626.0,111.41,94.57,84.1,79.2,100.1,100.2,353372.0,379797.0,131621.0,127487.0,217721.0,217519.0,81.6,87.9,78.0,90.1,11913011.0,13816718.0,1294.42,1357.86,108.9,109.1,3.63,3.9,10128951.0,21434349.0,648.6666666666666,78.67867140040768,115.73311734539655,-13.102339743952552,19.063004846526653,0,1,1,2,-3.1473533619456373
2023-02-01,709,605,677,731,376,731,127.08,97.6,100.6,347683,125641,222926,99.5,107.3,14042413,1276.54,108.8,3.47,737.0,619.0,592.0,560.0,699.0,689.0,752.0,610.0,381.0,372.0,718.0,682.0,122.43,111.41,91.0,84.1,100.6,100.1,307072.0,353372.0,100973.0,131621.0,198511.0,217721.0,96.0,81.6,107.2,78.0,25700310.0,11913011.0,1245.34,1294.42,108.9,108.9,3.46,3.63,13816718.0,21257873.0,688.3333333333334,11.015141094572137,-45.36091977100666,13.225237077949137,-3.7991858887381325,0,0,2,3,12.998522895125554
2023-03-01,763,596,765,806,374,805,127.98,104.1,100.6,409953,141437,262914,99.7,102.5,11882099,1305.4,109.0,3.46,709.0,737.0,605.0,592.0,677.0,699.0,731.0,752.0,376.0,381.0,731.0,718.0,127.08,122.43,97.6,91.0,100.6,100.6,347683.0,307072.0,125641.0,100973.0,222926.0,198511.0,99.5,96.0,107.3,107.2,14042413.0,25700310.0,1276.54,1245.34,108.8,108.9,3.47,3.46,11913011.0,22646875.0,713.6666666666666,45.79665198825492,-15.384207828099061,17.90999272325653,7.616361071932309,0,0,3,4,-12.549019607843137
2023-04-01,670,591,669,742,345,768,117.13,100.7,100.6,381070,129155,248868,98.5,97.5,11441454,1322.05,109.0,3.26,763.0,709.0,596.0,605.0,765.0,677.0,806.0,731.0,374.0,376.0,805.0,731.0,127.98,127.08,104.1,97.6,100.6,100.6,409953.0,347683.0,141437.0,125641.0,262914.0,222926.0,99.7,99.5,102.5,107.3,11882099.0,14042413.0,1305.4,1276.54,109.0,108.8,3.46,3.47,25700310.0,10128951.0,703.6666666666666,53.26662494783514,-3.7084777697947158,-7.04544179454718,-12.18872870249017,0,0,4,5,4.6337817638266054
2023-05-01,727,614,700,728,375,694,104.52,101.6,100.6,382057,130923,247363,102.5,99.4,19352742,1327.93,109.5,3.33,670.0,763.0,591.0,596.0,669.0,765.0,742.0,806.0,345.0,374.0,768.0,805.0,117.13,127.98,100.7,104.1,100.6,100.6,381070.0,409953.0,129155.0,141437.0,248868.0,262914.0,98.5,99.7,97.5,102.5,11441454.0,11882099.0,1322.05,1305.4,109.0,109.0,3.26,3.46,14042413.0,13816718.0,711.3333333333334,48.99319680663157,69.14582709505277,0.2590075314246709,8.50746268656717,0,0,5,6,7.14285714285714
2023-06-01,777,630,750,806,384,793,113.09,101.3,100.6,369762,134503,240118,94.9,94.4,13812020,1296.55,110.1,3.55,727.0,670.0,614.0,591.0,700.0,669.0,728.0,742.0,375.0,345.0,694.0,768.0,104.52,117.13,101.6,100.7,100.6,100.6,382057.0,381070.0,130923.0,129155.0,247363.0,248868.0,102.5,98.5,99.4,97.5,19352742.0,11441454.0,1327.93,1322.05,109.5,109.0,3.33,3.26,11882099.0,11913011.0,706.3333333333334,40.86971168644739,-28.630165172459797,-3.218106198813264,6.877579092159558,0,0,6,7,3.4666666666666623
2023-07-01,781,628,776,842,430,790,113.98,98.0,100.5,352917,115313,229578,97.4,87.7,12085117,1283.22,110.8,3.64,777.0,727.0,630.0,614.0,750.0,700.0,806.0,728.0,384.0,375.0,793.0,694.0,113.09,104.52,101.3,101.6,100.6,100.6,369762.0,382057.0,134503.0,130923.0,240118.0,247363.0,94.9,102.5,94.4,99.4,13812020.0,19352742.0,1296.55,1327.93,110.1,109.5,3.55,3.33,11441454.0,25700310.0,742.0,38.62641583165593,-12.502899648277365,-4.555633082901977,0.5148005148005064,0,0,7,8,-6.314432989690721
2023-08-01,789,684,727,816,468,774,109.61,97.3,100.5,311907,107064,201070,101.3,104.8,10369696,1321.54,111.0,3.73,781.0,777.0,628.0,630.0,776.0,750.0,842.0,806.0,430.0,384.0,790.0,793.0,113.98,113.09,98.0,101.3,100.5,100.6,352917.0,369762.0,115313.0,134503.0,229578.0,240118.0,97.4,94.9,87.7,94.4,12085117.0,13812020.0,1283.22,1296.55,110.8,110.1,3.64,3.55,19352742.0,14042413.0,751.0,24.515301344262525,-14.194492283359772,-11.62029599027533,1.0243277848911658,0,0,8,9,-3.1636863823933936
2023-09-01,642,637,704,797,448,813,120.43,95.4,100.5,301509,107149,196659,100.3,103.6,14178389,1331.73,111.3,3.84,789.0,781.0,684.0,628.0,727.0,776.0,816.0,842.0,468.0,430.0,774.0,790.0,109.61,113.98,97.3,98.0,100.5,100.5,311907.0,352917.0,107064.0,115313.0,201070.0,229578.0,101.3,97.4,104.8,87.7,10369696.0,12085117.0,1321.54,1283.22,111.0,110.8,3.73,3.64,13812020.0,11882099.0,735.6666666666666,36.77408507812713,36.729070939013056,-3.333686002558456,-18.63117870722434,0,0,9,10,0.9943181818181879
2023-10-01,642,584,711,782,414,812,118.75,100.2,100.3,341161,117792,224979,95.9,93.3,15313893,1351.11,111.9,4.03,642.0,789.0,637.0,684.0,704.0,727.0,797.0,816.0,448.0,468.0,813.0,774.0,120.43,109.61,95.4,97.3,100.5,100.5,301509.0,311907.0,107149.0,107064.0,196659.0,201070.0,100.3,101.3,103.6,104.8,14178389.0,10369696.0,1331.73,1321.54,111.3,111.0,3.84,3.73,12085117.0,11441454.0,714.0,11.789826122551519,8.00869548719534,13.15118288342969,0.0,0,0,10,11,-10.407876230661039
2023-11-01,603,546,637,720,354,777,131.25,96.1,100.3,370386,132722,244814,102.7,98.0,11096593,1308.01,112.3,3.77,642.0,642.0,584.0,637.0,711.0,704.0,782.0,797.0,414.0,448.0,812.0,813.0,118.75,120.43,100.2,95.4,100.3,100.5,341161.0,301509.0,117792.0,107149.0,224979.0,196659.0,95.9,100.3,93.3,103.6,15313893.0,14178389.0,1351.11,1331.73,111.9,111.3,4.03,3.84,10369696.0,19352742.0,684.0,40.85339643163097,-27.539045754074422,8.566336714923462,-6.0747663551401825,0,0,11,12,10.361067503924648
2023-12-01,749,430,703,794,436,711,137.55,94.8,100.3,367599,114981,247219,100.4,96.1,18217171,1305.12,112.8,3.35,603.0,642.0,546.0,584.0,637.0,711.0,720.0,782.0,354.0,414.0,777.0,812.0,131.25,118.75,96.1,100.2,100.3,100.3,370386.0,341161.0,132722.0,117792.0,244814.0,224979.0,102.7,95.9,98.0,93.3,11096593.0,15313893.0,1308.01,1351.11,112.3,111.9,3.77,4.03,14178389.0,13812020.0,683.6666666666666,40.61198509471474,64.16904720214573,-0.7524582462620111,24.212271973466002,0,0,12,1,6.116642958748231
2024-01-01,771,455,746,851,444,843,136.59,98.9,99.5,358011,103355,243243,106.9,91.2,14382068,1325.67,113.2,3.27,749.0,603.0,430.0,546.0,703.0,637.0,794.0,720.0,436.0,354.0,711.0,777.0,137.55,131.25,94.8,96.1,100.3,100.3,367599.0,370386.0,114981.0,132722.0,247219.0,244814.0,100.4,102.7,96.1,98.0,18217171.0,11096593.0,1305.12,1308.01,112.8,112.3,3.35,3.77,15313893.0,12085117.0,695.3333333333334,54.90294466905514,-21.05213262805734,-2.6082769539634176,2.9372496662216196,0,0,1,2,-11.260053619302946
2024-02-01,714,508,662,781,511,710,125.93,101.6,99.5,300499,99671,198733,106.6,101.8,15529487,1331.37,113.7,3.35,771.0,749.0,455.0,430.0,746.0,703.0,851.0,794.0,444.0,436.0,843.0,711.0,136.59,137.55,98.9,94.8,99.5,100.3,358011.0,367599.0,103355.0,114981.0,243243.0,247219.0,106.9,100.4,91.2,96.1,14382068.0,18217171.0,1325.67,1305.12,113.2,112.8,3.27,3.35,11096593.0,10369696.0,703.6666666666666,42.00396806652113,7.978122478631033,-16.064310873129596,-7.392996108949412,0,0,2,3,19.357818339783808
2024-03-01,785,500,792,855,508,852,110.19,98.3,99.5,365521,120806,246892,96.8,96.0,14639238,1331.63,113.9,3.31,714.0,771.0,508.0,455.0,662.0,746.0,781.0,851.0,511.0,444.0,710.0,843.0,125.93,136.59,101.6,98.9,99.5,99.5,300499.0,358011.0,99671.0,103355.0,198733.0,243243.0,106.6,106.9,101.8,91.2,15529487.0,14382068.0,1331.37,1325.67,113.7,113.2,3.35,3.27,18217171.0,14178389.0,733.3333333333334,65.91914238924325,-5.7326362422660875,21.638008778731365,9.943977591036424,0,0,3,4,-10.479797979797977
2024-04-01,723,517,709,767,478,794,112.23,97.4,99.4,394363,119545,270711,106.4,96.7,17912602,1369.25,114.5,3.44,785.0,714.0,500.0,508.0,792.0,662.0,855.0,781.0,508.0,511.0,852.0,710.0,110.19,125.93,98.3,101.6,99.5,99.5,365521.0,300499.0,120806.0,99671.0,246892.0,198733.0,96.8,106.6,96.0,101.8,14639238.0,15529487.0,1331.63,1331.37,113.9,113.7,3.31,3.35,14382068.0,15313893.0,721.0,65.8255269633293,22.360207546321732,7.890654709305345,-7.8980891719745205,0,0,4,5,-3.667136812411853
2024-05-01,690,530,683,704,426,750,119.24,92.1,99.4,372636,117128,255591,116.6,96.4,15973135,1365.05,114.8,3.43,723.0,785.0,517.0,500.0,709.0,792.0,767.0,855.0,478.0,508.0,794.0,852.0,112.23,110.19,97.4,98.3,99.4,99.5,394363.0,365521.0,119545.0,120806.0,270711.0,246892.0,106.4,96.8,96.7,96.0,17912602.0,14639238.0,1369.25,1331.63,114.5,113.9,3.44,3.31,15529487.0,11096593.0,728.0,56.92978130996107,-10.827388449762909,-5.509391093992089,-4.56431535269709,0,0,5,6,2.6354319180087904
2024-06-01,742,567,701,829,479,756,108.1,93.9,99.4,353788,112498,252341,106.0,94.3,19364030,1379.95,115.2,3.26,690.0,723.0,530.0,517.0,683.0,709.0,704.0,767.0,426.0,478.0,750.0,794.0,119.24,112.23,92.1,97.4,99.4,99.4,372636.0,394363.0,117128.0,119545.0,255591.0,270711.0,116.6,106.4,96.4,96.7,15973135.0,17912602.0,1365.05,1369.25,114.8,114.5,3.43,3.44,14639238.0,18217171.0,697.6666666666666,13.316656236958517,21.228738128113235,-5.058019085649268,7.5362318840579645,0,0,6,7,3.1383737517831634
2024-07-01,751,597,723,724,436,667,107.39,93.2,99.3,290612,110556,200112,103.8,93.2,16387224,1383.37,115.4,3.08,742.0,690.0,567.0,530.0,701.0,683.0,829.0,704.0,479.0,426.0,756.0,750.0,108.1,119.24,93.9,92.1,99.4,99.4,353788.0,372636.0,112498.0,117128.0,252341.0,255591.0,106.0,116.6,94.3,96.4,19364030.0,15973135.0,1379.95,1365.05,115.2,114.8,3.26,3.43,17912602.0,14382068.0,702.3333333333334,20.033305601755423,-15.372864016426336,-17.857021719221677,1.21293800539084,0,0,7,8,7.607192254495154
2024-08-01,790,608,778,792,474,698,100.91,97.3,99.0,299649,106092,189893,104.6,92.2,14258379,1352.87,115.6,2.92,751.0,742.0,597.0,567.0,723.0,701.0,724.0,829.0,436.0,479.0,667.0,756.0,107.39,108.1,93.2,93.9,99.3,99.4,290612.0,353788.0,110556.0,112498.0,200112.0,252341.0,103.8,106.0,93.2,94.3,16387224.0,19364030.0,1383.37,1379.95,115.4,115.2,3.08,3.26,15973135.0,15529487.0,734.0,39.66106403010377,-12.990882409369641,3.109644474419504,5.193075898801602,0,0,8,9,-7.583547557840619
2024-09-01,722,614,719,701,450,671,96.24,95.5,99.0,307251,105948,205674,97.0,83.7,17120356,1332.76,115.9,2.87,790.0,751.0,608.0,597.0,778.0,723.0,792.0,724.0,474.0,436.0,698.0,667.0,100.91,107.39,97.3,93.2,99.0,99.3,299649.0,290612.0,106092.0,110556.0,189893.0,200112.0,104.6,103.8,92.2,93.2,14258379.0,16387224.0,1352.87,1383.37,115.6,115.4,2.92,3.08,19364030.0,14639238.0,740.0,32.969683043668944,20.072246641781643,2.5369682528558313,-8.607594936708862,0,0,9,10,1.112656467315709
2024-10-01,735,620,727,703,372,719,106.61,97.3,99.0,367584,124587,243483,101.9,84.6,15876341,1365.37,116.2,2.91,722.0,790.0,614.0,608.0,719.0,778.0,701.0,792.0,450.0,474.0,671.0,698.0,96.24,100.91,95.5,97.3,99.0,99.0,307251.0,299649.0,105948.0,106092.0,205674.0,189893.0,97.0,104.6,83.7,92.2,17120356.0,14258379.0,1332.76,1352.87,115.9,115.6,2.87,2.92,16387224.0,17912602.0,741.3333333333334,32.005207909546925,-7.266291658888402,19.636388490192047,1.8005540166204925,0,0,10,11,-0.8253094910591452
2024-11-01,682,578,721,692,383,636,103.98,96.9,99.0,344423,124096,224672,93.4,91.1,18271585,1394.32,116.5,2.86,735.0,722.0,620.0,614.0,727.0,719.0,703.0,701.0,372.0,450.0,719.0,671.0,106.61,96.24,97.3,95.5,99.0,99.0,367584.0,307251.0,124587.0,105948.0,243483.0,205674.0,101.9,97.0,84.6,83.7,15876341.0,17120356.0,1365.37,1332.76,116.2,115.9,2.91,2.87,14258379.0,15973135.0,722.3333333333334,4.163331998931397,15.086876755796563,-6.30087272568991,-7.210884353741498,0,0,11,12,-0.1386962552011095
2024-12-01,770,624,720,768,413,696,105.34,95.4,99.0,373143,119313,251701,109.8,92.1,15483411,1436.78,116.5,2.59,682.0,735.0,578.0,620.0,721.0,727.0,692.0,703.0,383.0,372.0,636.0,719.0,103.98,106.61,96.9,97.3,99.0,99.0,344423.0,367584.0,124096.0,124587.0,224672.0,243483.0,93.4,101.9,91.1,84.6,18271585.0,15876341.0,1394.32,1365.37,116.5,116.2,2.86,2.91,17120356.0,19364030.0,722.6666666666666,3.785938897199204,-15.259617597488118,8.33858366020852,12.903225806451623,0,0,12,1,1.9444444444444375
2025-01-01,797,684,734,816,475,747,103.78,94.0,99.1,290705,90849,199796,95.1,99.1,14690516,1455.5,116.5,2.57,770.0,682.0,624.0,578.0,720.0,721.0,768.0,692.0,413.0,383.0,696.0,636.0,105.34,103.98,95.4,96.9,99.0,99.0,373143.0,344423.0,119313.0,124096.0,251701.0,224672.0,109.8,93.4,92.1,91.1,15483411.0,18271585.0,1436.78,1394.32,116.5,116.5,2.59,2.86,15876341.0,16387224.0,725.0,7.810249675906173,-5.120932332029426,-22.092870561688148,3.506493506493502,0,0,1,2,-7.901907356948223
2025-02-01,614,617,676,598,393,649,108.2,90.0,99.1,352045,112682,233082,98.7,101.4,14726030,1445.58,116.9,2.61,797.0,770.0,684.0,624.0,734.0,720.0,816.0,768.0,475.0,413.0,747.0,696.0,103.78,105.34,94.0,95.4,99.1,99.0,290705.0,373143.0,90849.0,119313.0,199796.0,251701.0,95.1,109.8,99.1,92.1,14690516.0,15483411.0,1455.5,1436.78,116.5,116.5,2.57,2.59,18271585.0,14258379.0,710.0,30.26549190084299,0.24174780518260164,21.100428269207615,-22.961104140526977,0,0,2,3,-0.887573964497046
2025-03-01,667,607,670,723,354,697,103.65,91.6,99.1,370486,124383,240821,94.3,99.1,17204492,1457.92,117.6,2.59,614.0,797.0,617.0,684.0,676.0,734.0,598.0,816.0,393.0,475.0,649.0,747.0,108.2,103.78,90.0,94.0,99.1,99.1,352045.0,290705.0,112682.0,90849.0,233082.0,199796.0,98.7,95.1,101.4,99.1,14726030.0,14690516.0,1445.58,1455.5,116.9,116.5,2.61,2.57,15483411.0,17120356.0,693.3333333333334,35.345909711497406,16.830483164844836,5.238250791802179,8.63192182410424,0,0,3,4,14.925373134328357
2025-04-01,726,558,770,831,461,776,100.91,94.4,99.1,385676,129231,247193,91.5,89.9,15425522,1441.92,118.1,2.4,667.0,614.0,607.0,617.0,670.0,676.0,723.0,598.0,354.0,393.0,697.0,649.0,103.65,108.2,91.6,90.0,99.1,99.1,370486.0,352045.0,124383.0,112682.0,240821.0,233082.0,94.3,98.7,99.1,101.4,17204492.0,14726030.0,1457.92,1445.58,117.6,116.9,2.59,2.61,14690516.0,15876341.0,705.3333333333334,56.083271421461546,-10.340148375203405,4.100019973764191,8.845577211394296,0,0,4,5,-6.233766233766236
2025-05-01,699,531,722,797,457,768,100.27,93.8,99.1,359212,113743,246469,86.7,88.6,17349218,1390.7,118.6,2.33,726.0,667.0,558.0,607.0,770.0,670.0,831.0,723.0,461.0,354.0,776.0,697.0,100.91,103.65,94.4,91.6,99.1,99.1,385676.0,370486.0,129231.0,124383.0,247193.0,240821.0,91.5,94.3,89.9,99.1,15425522.0,17204492.0,1441.92,1457.92,118.1,117.6,2.4,2.59,14726030.0,18271585.0,720.6666666666666,50.01333155602939,12.470864843342099,-6.861718126095484,-3.7190082644628086,0,0,5,6,-4.986149584487531
2025-06-01,699,465,686,782,365,749,96.17,94.6,99.1,353540,118294,244430,85.2,85.2,17847329,1365.15,119.1,2.44,699.0,726.0,531.0,558.0,722.0,770.0,797.0,831.0,457.0,461.0,768.0,776.0,100.27,100.91,93.8,94.4,99.1,99.1,359212.0,385676.0,113743.0,129231.0,246469.0,247193.0,86.7,91.5,88.6,89.9,17349218.0,15425522.0,1390.7,1441.92,118.6,118.1,2.33,2.4,17204492.0,15483411.0,726.0,42.142615011410875,2.871086178062887,-1.5790118370210382,0.0,0,0,6,7,3.0612244897959107
2025-07-01,752,576,707,866,352,800,101.22,93.8,99.1,316630,111531,212091,97.3,84.4,24157048,1376.92,120.1,2.47,699.0,699.0,465.0,531.0,686.0,722.0,782.0,797.0,365.0,457.0,749.0,768.0,96.17,100.27,94.6,93.8,99.1,99.1,353540.0,359212.0,118294.0,113743.0,244430.0,246469.0,85.2,86.7,85.2,88.6,17847329.0,17349218.0,1365.15,1390.7,119.1,118.6,2.44,2.33,15425522.0,14690516.0,705.0,18.083141320024943,35.353856030781984,-10.440119929852354,7.582260371959948,0,0,7,8,3.2531824611032434
2025-08-01,751,595,730,789,340,768,103.29,93.3,99.1,321030,111676,200253,87.1,83.7,22419136,1389.86,120.9,2.43,752.0,699.0,576.0,465.0,707.0,686.0,866.0,782.0,352.0,365.0,800.0,749.0,101.22,96.17,93.8,94.6,99.1,99.1,316630.0,353540.0,111531.0,118294.0,212091.0,244430.0,97.3,85.2,84.4,85.2,24157048.0,17847329.0,1376.92,1365.15,120.1,119.1,2.47,2.44,17349218.0,14726030.0,707.6666666666666,22.007574453658616,-7.194223400143929,1.3896345892682405,-0.13297872340425343,0,0,8,9,2.876712328767117
2025-09-01,751,591,751,792,199,744,106.41,94.9,99.1,334359,125300,228361,86.7,85.3,12642359,1392.38,121.2,2.46,751.0,752.0,595.0,576.0,730.0,707.0,789.0,866.0,340.0,352.0,768.0,800.0,103.29,101.22,93.3,93.8,99.1,99.1,321030.0,316630.0,111676.0,111531.0,200253.0,212091.0,87.1,97.3,83.7,84.4,22419136.0,24157048.0,1389.86,1376.92,120.9,120.1,2.43,2.47,17847329.0,17204492.0,729.3333333333334,22.007574453658616,-43.60907128624404,4.151948416035878,0.0,0,0,9,10,-10.78561917443409
2025-10-01,697,613,670,778,240,707,106.87,91.8,99.1,302720,103190,202904,75.7,75.2,12093912,1424.83,121.5,2.6,751.0,751.0,591.0,595.0,751.0,730.0,792.0,789.0,199.0,340.0,744.0,768.0,106.41,103.29,94.9,93.3,99.1,99.1,334359.0,321030.0,125300.0,111676.0,228361.0,200253.0,86.7,87.1,85.3,83.7,12642359.0,22419136.0,1392.38,1389.86,121.2,120.9,2.46,2.43,24157048.0,15425522.0,717.0,42.035699113967326,-4.338169798848456,-9.462583630169963,-7.190412782956058,0,0,10,11,-3.432835820895519
2025-11-01,570,533,647,673,384,730,106.23,89.0,99.0,354266,117068,236649,81.7,81.2,19355942,1460.44,122.2,2.88,697.0,751.0,613.0,591.0,670.0,751.0,778.0,792.0,240.0,199.0,707.0,744.0,106.87,106.41,91.8,94.9,99.1,99.1,302720.0,334359.0,103190.0,125300.0,202904.0,228361.0,75.7,86.7,75.2,85.3,12093912.0,12642359.0,1424.83,1392.38,121.5,121.2,2.6,2.46,22419136.0,17349218.0,689.3333333333334,54.62905209989761,60.04698893129039,17.02761627906977,-18.22094691535151,0,0,11,12,-12.055641421947449
2025-12-01,651,611,569,752,405,694,107.59,90.2,98.5,362814,116558,244878,80.4,73.1,17354093,1467.14,123.1,3.01,570.0,697.0,533.0,613.0,647.0,670.0,673.0,778.0,384.0,240.0,730.0,707.0,106.23,106.87,89.0,91.8,99.0,99.1,354266.0,302720.0,117068.0,103190.0,236649.0,202904.0,81.7,75.7,81.2,75.2,19355942.0,12093912.0,1460.44,1424.83,122.2,121.5,2.88,2.6,12642359.0,17847329.0,628.6666666666666,52.9370695574786,-10.342296954599261,2.4128762003692072,14.210526315789473,0,0,12,1,19.357818339783808
2026-01-01,770,647,729,825,462,738,107.45,94.0,98.4,360500,103554,246574,78.3,77.6,17416723,1456.28,124.2,3.04,651.0,570.0,611.0,533.0,569.0,647.0,752.0,673.0,405.0,384.0,694.0,730.0,107.59,106.23,90.2,89.0,98.5,99.0,362814.0,354266.0,116558.0,117068.0,244878.0,236649.0,80.4,81.7,73.1,81.2,17354093.0,19355942.0,1467.14,1460.44,123.1,122.2,3.01,2.88,12093912.0,24157048.0,648.3333333333334,80.0083328993507,0.360894689224045,-0.6377923674389607,18.279569892473123,0,0,1,2,-6.310013717421126
2026-02-01,685,642,683,721,499,668,100.97,95.6,98.4,278250,96678,200597,67.9,71.9,19836565,1448.38,125.2,3.17,770.0,651.0,647.0,611.0,729.0,569.0,825.0,752.0,462.0,405.0,738.0,694.0,107.45,107.59,94.0,90.2,98.4,98.5,360500.0,362814.0,103554.0,116558.0,246574.0,244878.0,78.3,80.4,77.6,73.1,17416723.0,17354093.0,1456.28,1467.14,124.2,123.1,3.04,3.01,19355942.0,22419136.0,660.3333333333334,82.37313477908513,13.893784726323076,-22.815533980582526,-11.038961038961038,0,0,2,3,4.0995607613469875
