date,G_prod,G_inv,G_demand,CR_prod,CR_inv,CR_demand,iron_ore_price,steel_operating_rate,steel_capacity_idx,auto_prod,auto_domestic_ship,auto_export_ship,appliance_prod_idx,appliance_ship_idx,construction_order_amt,usdkrw_avg,leading_idx,gov_bond_3y_avg,G_prod_lag1,G_prod_lag2,G_inv_lag1,G_inv_lag2,G_demand_lag1,G_demand_lag2,CR_prod_lag1,CR_prod_lag2,CR_inv_lag1,CR_inv_lag2,CR_demand_lag1,CR_demand_lag2,iron_ore_price_lag1,iron_ore_price_lag2,steel_operating_rate_lag1,steel_operating_rate_lag2,steel_capacity_idx_lag1,steel_capacity_idx_lag2,auto_prod_lag1,auto_prod_lag2,auto_domestic_ship_lag1,auto_domestic_ship_lag2,auto_export_ship_lag1,auto_export_ship_lag2,appliance_prod_idx_lag1,appliance_prod_idx_lag2,appliance_ship_idx_lag1,appliance_ship_idx_lag2,construction_order_amt_lag1,construction_order_amt_lag2,usdkrw_avg_lag1,usdkrw_avg_lag2,leading_idx_lag1,leading_idx_lag2,gov_bond_3y_avg_lag1,gov_bond_3y_avg_lag2,construction_order_amt_lag3,construction_order_amt_lag6,G_demand_ma3,G_demand_std3,construction_order_amt_pct,auto_prod_pct,G_prod_pct,covid_dummy,posco_flood_dummy,month,target_month,target
2017-07-01,910,362,896,721,237,704,66.74,110.653,101.106,371423,131512,224644,84.279,87.486,9898773,1133.13,92.4,1.74,883.0,871.0,352.0,327.0,856.0,857.0,700.0,707.0,221.0,198.0,674.0,713.0,57.86,61.63,111.454,111.202,101.106,101.206,382807.0,356204.0,140964.0,136355.0,237155.0,216670.0,88.822,90.484,85.441,84.285,10974531.0,12810824.0,1131.62,1124.65,92.1,91.7,1.67,1.7,16246983.0,10981035.0,869.6666666666666,22.810816147900876,-9.802314103445509,-2.973822317773711,3.05775764439411,0,0,7,8,-5.69196428571429
2017-08-01,911,425,845,699,233,700,74.59,112.872,101.106,274168,121560,171231,94.379,89.709,13607659,1131.4,92.8,1.78,910.0,883.0,362.0,352.0,896.0,856.0,721.0,700.0,237.0,221.0,704.0,674.0,66.74,57.86,110.653,111.454,101.106,101.106,371423.0,382807.0,131512.0,140964.0,224644.0,237155.0,84.279,88.822,87.486,85.441,9898773.0,10974531.0,1133.13,1131.62,92.4,92.1,1.74,1.67,12810824.0,14722222.0,865.6666666666666,26.839026311200918,37.468138727900914,-26.184431228006876,0.1098901098901095,0,0,8,9,1.0650887573964596
2017-09-01,811,377,854,698,239,691,69.24,112.331,101.106,356749,134284,225363,92.925,86.775,10781612,1132.93,92.9,1.79,911.0,910.0,425.0,362.0,845.0,896.0,699.0,721.0,233.0,237.0,700.0,704.0,74.59,66.74,112.872,110.653,101.106,101.106,274168.0,371423.0,121560.0,131512.0,171231.0,224644.0,94.379,84.279,89.709,87.486,13607659.0,9898773.0,1131.4,1133.13,92.8,92.4,1.78,1.74,10974531.0,8422517.0,865.0,27.221315177632437,-20.76806157473523,30.12058300020426,-10.97694840834248,0,0,9,10,-1.1709601873536313
2017-10-01,926,454,844,621,231,627,61.05,114.672,101.106,280680,113378,174011,95.013,85.886,12718684,1129.48,93.2,2.03,811.0,911.0,377.0,425.0,854.0,845.0,698.0,699.0,239.0,233.0,691.0,700.0,69.24,74.59,112.331,112.872,101.106,101.106,356749.0,274168.0,134284.0,121560.0,225363.0,171231.0,92.925,94.379,86.775,89.709,10781612.0,13607659.0,1132.93,1131.4,92.9,92.8,1.79,1.78,9898773.0,16246983.0,847.6666666666666,5.507570547286278,17.966441381863852,-21.322834822241965,14.18002466091246,0,0,10,11,0.11848341232227888
2017-11-01,791,396,845,592,217,604,63.41,109.846,101.106,382034,141073,234619,90.531,90.153,10372517,1102.82,93.4,2.15,926.0,811.0,454.0,377.0,844.0,854.0,621.0,698.0,231.0,239.0,627.0,691.0,61.05,69.24,114.672,112.331,101.106,101.106,280680.0,356749.0,113378.0,134284.0,174011.0,225363.0,95.013,92.925,85.886,86.775,12718684.0,10781612.0,1129.48,1132.93,93.2,92.9,2.03,1.79,13607659.0,12810824.0,847.6666666666666,5.507570547286278,-18.446617590310442,36.11016103748042,-14.578833693304539,0,0,11,12,-6.8639053254437865
2017-12-01,842,446,787,627,243,597,71.74,110.646,101.106,287311,133098,178936,87.858,88.909,12849288,1085.95,93.5,2.1,791.0,926.0,396.0,454.0,845.0,844.0,592.0,621.0,217.0,231.0,604.0,627.0,63.41,61.05,109.846,114.672,101.106,101.106,382034.0,280680.0,141073.0,113378.0,234619.0,174011.0,90.531,95.013,90.153,85.886,10372517.0,12718684.0,1102.82,1129.48,93.4,93.2,2.15,2.03,10781612.0,10974531.0,825.3333333333334,33.20140559273562,23.878206225162124,-24.79439002811268,6.447534766118834,0,0,12,1,8.767471410419315
2018-01-01,868,454,856,705,234,706,75.78,110.727,100.603,322408,113064,189638,91.093,90.064,15159024,1066.54,93.7,2.19,842.0,791.0,446.0,396.0,787.0,845.0,627.0,592.0,243.0,217.0,597.0,604.0,71.74,63.41,110.646,109.846,101.106,101.106,287311.0,382034.0,133098.0,141073.0,178936.0,234619.0,87.858,90.531,88.909,90.153,12849288.0,10372517.0,1085.95,1102.82,93.5,93.4,2.1,2.15,12718684.0,9898773.0,829.3333333333334,37.07200201409867,17.97559522364196,12.21568265746873,3.087885985748229,0,0,1,2,-6.308411214953269
2018-02-01,809,455,802,675,245,663,77.65,109.786,100.603,276938,106035,163094,95.553,96.555,12926860,1080.7,94.0,2.28,868.0,842.0,454.0,446.0,856.0,787.0,705.0,627.0,234.0,243.0,706.0,597.0,75.78,71.74,110.727,110.646,100.603,101.106,322408.0,287311.0,113064.0,133098.0,189638.0,178936.0,91.093,87.858,90.064,88.909,15159024.0,12849288.0,1066.54,1085.95,93.7,93.5,2.19,2.1,10372517.0,13607659.0,815.0,36.29049462324815,-14.724984933066931,-14.10324805836084,-6.79723502304147,0,0,2,3,8.977556109725683
2018-03-01,828,404,874,712,243,710,71.32,106.879,101.005,363464,140079,221120,89.472,93.354,12265129,1071.21,94.2,2.27,809.0,868.0,455.0,454.0,802.0,856.0,675.0,705.0,245.0,234.0,663.0,706.0,77.65,75.78,109.786,110.727,100.603,100.603,276938.0,322408.0,106035.0,113064.0,163094.0,189638.0,95.553,91.093,96.555,90.064,12926860.0,15159024.0,1080.7,1066.54,94.0,93.7,2.28,2.19,12849288.0,10781612.0,844.0,37.46998799039043,-5.119038962284728,31.24381630545465,2.348578491965392,0,0,3,4,-7.78032036613272
2018-04-01,810,402,806,732,244,728,66.33,109.132,101.005,354156,134819,216627,93.677,95.755,10237383,1068.05,94.3,2.19,828.0,809.0,404.0,455.0,874.0,802.0,712.0,675.0,243.0,245.0,710.0,663.0,71.32,77.65,106.879,109.786,101.005,100.603,363464.0,276938.0,140079.0,106035.0,221120.0,163094.0,89.472,95.553,93.354,96.555,12265129.0,12926860.0,1071.21,1080.7,94.2,94.0,2.27,2.28,15159024.0,12718684.0,827.3333333333334,40.463975747982765,-16.53261046011012,-2.560913873175885,-2.1739130434782594,0,0,4,5,2.109181141439209
2018-05-01,796,370,823,749,232,759,66.63,110.125,101.005,351595,134301,213175,98.426,93.087,15163956,1077.05,94.6,2.25,810.0,828.0,402.0,404.0,806.0,874.0,732.0,712.0,244.0,243.0,728.0,710.0,66.33,71.32,109.132,106.879,101.005,101.005,354156.0,363464.0,134819.0,140079.0,216627.0,221120.0,93.677,89.472,95.755,93.354,10237383.0,12265129.0,1068.05,1071.21,94.3,94.2,2.19,2.27,12926860.0,10372517.0,834.3333333333334,35.388321990924304,48.12336316810655,-0.7231276612566173,-1.7283950617283939,0,0,5,6,-3.76670716889429
2018-06-01,810,383,792,680,193,717,66.86,109.478,100.503,336183,132413,211890,96.773,94.777,10293830,1095.96,94.7,2.18,796.0,810.0,370.0,402.0,823.0,806.0,749.0,732.0,232.0,244.0,759.0,728.0,66.63,66.33,110.125,109.132,101.005,101.005,351595.0,354156.0,134301.0,134819.0,213175.0,216627.0,98.426,93.677,93.087,95.755,15163956.0,10237383.0,1077.05,1068.05,94.6,94.3,2.25,2.19,12265129.0,12849288.0,807.0,15.524174696260177,-32.116460902418865,-4.383452551941868,1.7587939698492372,0,0,6,7,5.934343434343425
2018-07-01,860,399,839,768,232,728,67.05,108.678,100.503,306376,134355,193439,93.402,95.843,12237631,1123.05,94.9,2.1,810.0,796.0,383.0,370.0,792.0,823.0,680.0,749.0,193.0,232.0,717.0,759.0,66.86,66.63,109.478,110.125,100.503,101.005,336183.0,351595.0,132413.0,134301.0,211890.0,213175.0,96.773,98.426,94.777,93.087,10293830.0,15163956.0,1095.96,1077.05,94.7,94.6,2.18,2.25,10237383.0,15159024.0,818.0,23.895606290697142,18.88316593532242,-8.866301984335912,6.172839506172845,0,0,7,8,1.4302741358760418
2018-08-01,864,417,851,775,269,736,68.02,108.404,100.503,296465,126880,169976,93.67,86.064,9747204,1120.96,94.8,2.02,860.0,810.0,399.0,383.0,839.0,792.0,768.0,680.0,232.0,193.0,728.0,717.0,67.05,66.86,108.678,109.478,100.503,100.503,306376.0,336183.0,134355.0,132413.0,193439.0,211890.0,93.402,96.773,95.843,94.777,12237631.0,10293830.0,1123.05,1095.96,94.9,94.7,2.1,2.18,15163956.0,12926860.0,827.3333333333334,31.182259913825,-20.350564582311726,-3.234913961929131,0.46511627906977715,0,0,8,9,-3.055229142185667
2018-09-01,788,374,825,700,230,736,68.8,107.038,100.402,291971,110537,180051,88.328,92.998,12112464,1120.19,94.9,1.95,864.0,860.0,417.0,399.0,851.0,839.0,775.0,768.0,269.0,232.0,736.0,728.0,68.02,67.05,108.404,108.678,100.503,100.503,296465.0,306376.0,126880.0,134355.0,169976.0,193439.0,93.67,93.402,86.064,95.843,9747204.0,12237631.0,1120.96,1123.05,94.8,94.9,2.02,2.1,10293830.0,12265129.0,838.3333333333334,13.012814197295556,24.266035675461396,-1.5158619061272027,-8.79629629629629,0,0,9,10,-1.2121212121212088
2018-10-01,821,376,815,717,221,725,72.02,109.602,100.402,381655,140068,232366,89.99,89.798,10500906,1132.78,94.9,2.01,788.0,864.0,374.0,417.0,825.0,851.0,700.0,775.0,230.0,269.0,736.0,736.0,68.8,68.02,107.038,108.404,100.402,100.503,291971.0,296465.0,110537.0,126880.0,180051.0,169976.0,88.328,93.67,92.998,86.064,12112464.0,9747204.0,1120.19,1120.96,94.9,94.8,1.95,2.02,12237631.0,10237383.0,830.3333333333334,18.583146486355243,-13.30495595281026,30.716749266194256,4.187817258883242,0,0,10,11,-2.208588957055213
2018-11-01,812,401,797,668,219,668,72.3,109.282,100.402,390573,140381,237952,96.361,86.508,10796419,1127.55,94.9,1.94,821.0,788.0,376.0,374.0,815.0,825.0,717.0,700.0,221.0,230.0,725.0,736.0,72.02,68.8,109.602,107.038,100.402,100.402,381655.0,291971.0,140068.0,110537.0,232366.0,180051.0,89.99,88.328,89.798,92.998,10500906.0,12112464.0,1132.78,1120.19,94.9,94.9,2.01,1.95,9747204.0,15163956.0,812.3333333333334,14.18919776919535,2.81416670142558,2.3366653129134995,-1.0962241169305775,0,0,11,12,-4.015056461731492
2018-12-01,816,446,765,703,296,623,68.9,105.145,100.402,356932,139414,220333,96.131,93.976,13295945,1122.65,94.9,1.83,812.0,821.0,401.0,376.0,797.0,815.0,668.0,717.0,219.0,221.0,668.0,725.0,72.3,72.02,109.282,109.602,100.402,100.402,390573.0,381655.0,140381.0,140068.0,237952.0,232366.0,96.361,89.99,86.508,89.798,10796419.0,10500906.0,1127.55,1132.78,94.9,94.9,1.94,2.01,12112464.0,10293830.0,792.3333333333334,25.324559884296892,23.15143567510671,-8.613242594854231,0.49261083743843415,0,0,12,1,11.764705882352944
2019-01-01,878,447,855,759,295,758,75.2,107.836,100.603,354305,117959,209906,95.667,96.821,11002383,1121.72,95.0,1.81,816.0,812.0,446.0,401.0,765.0,797.0,703.0,668.0,296.0,219.0,623.0,668.0,68.9,72.3,105.145,109.282,100.402,100.402,356932.0,390573.0,139414.0,140381.0,220333.0,237952.0,96.131,96.361,93.976,86.508,13295945.0,10796419.0,1122.65,1127.55,94.9,94.9,1.83,1.94,10500906.0,12237631.0,805.6666666666666,45.62163229580175,-17.250086398522257,-0.7359945311712024,7.59803921568627,0,0,1,2,-8.538011695906434
2019-02-01,751,410,782,675,281,687,87.59,106.431,100.603,257276,104732,164048,94.037,100.2,10719920,1123.66,95.2,1.8,878.0,816.0,447.0,446.0,855.0,765.0,759.0,703.0,295.0,296.0,758.0,623.0,75.2,68.9,107.836,105.145,100.603,100.402,354305.0,356932.0,117959.0,139414.0,209906.0,220333.0,95.667,96.131,96.821,93.976,11002383.0,13295945.0,1121.72,1122.65,95.0,94.9,1.81,1.83,10796419.0,9747204.0,800.6666666666666,47.81561809004816,-2.5672892863300656,-27.385726986635806,-14.46469248291572,0,0,2,3,-1.0230179028132946
2019-03-01,786,418,774,694,266,707,87.07,107.53,100.603,345821,138849,208121,95.006,103.49,17611869,1131.88,95.6,1.79,751.0,878.0,410.0,447.0,782.0,855.0,675.0,759.0,281.0,295.0,687.0,758.0,87.59,75.2,106.431,107.836,100.603,100.603,257276.0,354305.0,104732.0,117959.0,164048.0,209906.0,94.037,95.667,100.2,96.821,10719920.0,11002383.0,1123.66,1121.72,95.2,95.0,1.8,1.81,13295945.0,12112464.0,803.6666666666666,44.63556130859498,64.29104881379712,34.416346647180454,4.6604527296937315,0,0,3,4,2.9715762273901714
2019-04-01,808,419,797,625,234,654,94.5,108.047,100.704,371931,136809,222395,89.269,90.954,13537646,1142.79,95.8,1.74,786.0,751.0,418.0,410.0,774.0,782.0,694.0,675.0,266.0,281.0,707.0,687.0,87.07,87.59,107.53,106.431,100.603,100.603,345821.0,257276.0,138849.0,104732.0,208121.0,164048.0,95.006,94.037,103.49,100.2,17611869.0,10719920.0,1131.88,1123.66,95.6,95.2,1.79,1.8,11002383.0,10500906.0,784.3333333333334,11.676186592091586,-23.133393735781247,7.550148776390109,2.7989821882951738,0,0,4,5,6.524466750313684
2019-05-01,864,428,849,671,240,663,101.76,106.617,100.704,366152,134272,225191,83.299,93.799,10123356,1184.93,95.9,1.68,808.0,786.0,419.0,418.0,797.0,774.0,625.0,694.0,234.0,266.0,654.0,707.0,94.5,87.07,108.047,107.53,100.704,100.603,371931.0,345821.0,136809.0,138849.0,222395.0,208121.0,89.269,95.006,90.954,103.49,13537646.0,17611869.0,1142.79,1131.88,95.8,95.6,1.74,1.79,10719920.0,10796419.0,806.6666666666666,38.42308333974957,-25.220706760983415,-1.5537828253089914,6.930693069306937,0,0,5,6,-4.829210836277975
2019-06-01,809,419,808,687,237,689,109.55,106.496,100.704,332847,125445,211622,93.2,92.554,10054461,1173.58,95.9,1.5,864.0,808.0,428.0,419.0,849.0,797.0,671.0,625.0,240.0,234.0,663.0,654.0,101.76,94.5,106.617,108.047,100.704,100.704,366152.0,371931.0,134272.0,136809.0,225191.0,222395.0,83.299,89.269,93.799,90.954,10123356.0,13537646.0,1184.93,1142.79,95.9,95.8,1.68,1.74,17611869.0,13295945.0,818.0,27.40437921208959,-0.6805549464031446,-9.095949223273392,-6.365740740740744,0,0,6,7,6.064356435643559
2019-07-01,865,419,857,742,249,728,119.59,107.452,100.704,359551,131638,205308,83.774,88.108,9004768,1177.09,95.9,1.38,809.0,864.0,419.0,428.0,808.0,849.0,687.0,671.0,237.0,240.0,689.0,663.0,109.55,101.76,106.496,106.617,100.704,100.704,332847.0,366152.0,125445.0,134272.0,211622.0,225191.0,93.2,83.299,92.554,93.799,10054461.0,10123356.0,1173.58,1184.93,95.9,95.9,1.5,1.68,13537646.0,11002383.0,838.0,26.286878856189986,-10.44007232212647,8.022905419006321,6.922126081582203,0,0,7,8,-8.168028004667448
2019-08-01,810,431,787,736,272,709,93.5,103.715,100.704,249390,118822,162163,76.465,84.908,9212479,1210.66,96.0,1.16,865.0,809.0,419.0,419.0,857.0,808.0,742.0,687.0,249.0,237.0,728.0,689.0,119.59,109.55,107.452,106.496,100.704,100.704,359551.0,332847.0,131638.0,125445.0,205308.0,211622.0,83.774,93.2,88.108,92.554,9004768.0,10054461.0,1177.09,1173.58,95.9,95.9,1.38,1.5,10123356.0,10719920.0,817.3333333333334,35.92121007612831,2.3066779732692666,-30.638490784339357,-6.358381502890175,0,0,8,9,-0.7623888182973326
2019-09-01,819,461,781,672,271,671,92.26,105.39,100.704,278016,112772,168162,90.784,85.975,16271058,1196.79,96.4,1.29,810.0,865.0,431.0,419.0,787.0,857.0,736.0,742.0,272.0,249.0,709.0,728.0,93.5,119.59,103.715,107.452,100.704,100.704,249390.0,359551.0,118822.0,131638.0,162163.0,205308.0,76.465,83.774,84.908,88.108,9212479.0,9004768.0,1210.66,1177.09,96.0,95.9,1.16,1.38,10054461.0,17611869.0,808.3333333333334,42.25320500664231,76.6197567451714,11.478407313845773,1.1111111111111072,0,0,9,10,0.5121638924455718
2019-10-01,786,459,785,650,249,671,88.59,105.039,100.603,351409,135360,207308,89.177,84.196,15020250,1182.29,96.9,1.36,819.0,810.0,461.0,431.0,781.0,787.0,672.0,736.0,271.0,272.0,671.0,709.0,92.26,93.5,105.39,103.715,100.704,100.704,278016.0,249390.0,112772.0,118822.0,168162.0,162163.0,90.784,76.465,85.975,84.908,16271058.0,9212479.0,1196.79,1210.66,96.4,96.0,1.29,1.16,9004768.0,13537646.0,784.3333333333334,3.0550504633056765,-7.6873181817679,26.398840354511965,-4.029304029304026,0,0,10,11,-0.1273885350318471
2019-11-01,793,462,784,685,243,687,82.9,105.051,100.503,346404,136855,212308,87.065,85.441,12411473,1168.43,97.5,1.49,786.0,819.0,459.0,461.0,785.0,781.0,650.0,672.0,249.0,271.0,671.0,671.0,88.59,92.26,105.039,105.39,100.603,100.704,351409.0,278016.0,135360.0,112772.0,207308.0,168162.0,89.177,90.784,84.196,85.975,15020250.0,16271058.0,1182.29,1196.79,96.9,96.4,1.36,1.29,9212479.0,10123356.0,783.3333333333334,2.0816659994687634,-17.368399327574448,-1.424266310766087,0.8905852417302906,0,0,11,12,-3.0612244897959218
2019-12-01,829,526,760,738,289,688,90.98,104.712,100.402,337512,145313,204850,90.824,86.775,16153618,1176.01,98.1,1.39,793.0,786.0,462.0,459.0,784.0,785.0,685.0,650.0,243.0,249.0,687.0,671.0,82.9,88.59,105.051,105.039,100.503,100.603,346404.0,351409.0,136855.0,135360.0,212308.0,207308.0,87.065,89.177,85.441,84.196,12411473.0,15020250.0,1168.43,1182.29,97.5,96.9,1.49,1.36,16271058.0,10054461.0,776.3333333333334,14.153915830375164,30.150692025032,-2.5669449544462486,4.5397225725094525,0,0,12,1,-7.499999999999996
2020-01-01,781,599,703,791,591,730,95.22,103.8,100.3,251578,99964,148546,89.9,89.1,13750684,1166.68,98.4,1.37,829.0,793.0,526.0,462.0,760.0,784.0,738.0,685.0,289.0,243.0,688.0,687.0,90.98,82.9,104.712,105.051,100.402,100.503,337512.0,346404.0,145313.0,136855.0,204850.0,212308.0,90.824,87.065,86.775,85.441,16153618.0,12411473.0,1176.01,1168.43,98.1,97.5,1.39,1.49,15020250.0,9004768.0,749.0,41.60528812542958,-14.875515813237627,-25.46102064519188,-5.79010856453559,0,0,1,2,15.078236130867717
2020-02-01,806,592,809,788,584,795,87.63,107.7,100.4,189230,82128,119942,76.1,89.8,12558812,1195.16,98.7,1.25,781.0,829.0,599.0,526.0,703.0,760.0,791.0,738.0,591.0,289.0,730.0,688.0,95.22,90.98,103.8,104.712,100.3,100.402,251578.0,337512.0,99964.0,145313.0,148546.0,204850.0,89.9,90.824,89.1,86.775,13750684.0,16153618.0,1166.68,1176.01,98.4,98.1,1.37,1.39,12411473.0,9212479.0,757.3333333333334,53.050290605550344,-8.667728819889975,-24.782771148510598,3.201024327784885,0,0,2,3,1.359703337453655
2020-03-01,792,561,820,767,553,797,88.66,105.8,100.3,369037,151478,206677,93.2,93.3,12476050,1220.23,98.6,1.09,806.0,781.0,592.0,599.0,809.0,703.0,788.0,791.0,584.0,591.0,795.0,730.0,87.63,95.22,107.7,103.8,100.4,100.3,189230.0,251578.0,82128.0,99964.0,119942.0,148546.0,76.1,89.9,89.8,89.1,12558812.0,13750684.0,1195.16,1166.68,98.7,98.4,1.25,1.37,16153618.0,16271058.0,777.3333333333334,64.60908088909284,-0.6589954527546071,95.02034561116102,-1.7369727047146455,1,0,3,4,-23.536585365853657
2020-04-01,724,555,627,715,636,631,83.75,101.4,100.3,289532,145562,123240,88.9,91.8,10342304,1224.42,98.5,1.02,792.0,806.0,561.0,592.0,820.0,809.0,767.0,788.0,553.0,584.0,797.0,795.0,88.66,87.63,105.8,107.7,100.3,100.4,369037.0,189230.0,151478.0,82128.0,206677.0,119942.0,93.2,76.1,93.3,89.8,12476050.0,12558812.0,1220.23,1195.16,98.6,98.7,1.09,1.25,13750684.0,15020250.0,752.0,108.39280418920809,-17.10273684379271,-21.54391023122343,-8.585858585858585,1,0,4,5,-9.40988835725678
2020-05-01,593,676,568,625,644,616,91.33,91.3,99.9,231116,146515,95791,89.0,89.6,14780447,1230.06,98.5,0.88,724.0,792.0,555.0,561.0,627.0,820.0,715.0,767.0,636.0,553.0,631.0,797.0,83.75,88.66,101.4,105.8,100.3,100.3,289532.0,369037.0,145562.0,151478.0,123240.0,206677.0,88.9,93.2,91.8,93.3,10342304.0,12476050.0,1224.42,1220.23,98.5,98.6,1.02,1.09,12558812.0,12411473.0,671.6666666666666,131.8041476332719,42.9125173655696,-20.176008178716,-18.093922651933703,1,0,5,6,22.007042253521124
2020-06-01,568,564,693,558,595,605,103.34,88.4,99.9,297033,176821,126677,104.0,104.9,16975416,1207.83,99.0,0.85,593.0,724.0,676.0,555.0,568.0,627.0,625.0,715.0,644.0,636.0,616.0,631.0,91.33,83.75,91.3,101.4,99.9,100.3,231116.0,289532.0,146515.0,145562.0,95791.0,123240.0,89.0,88.9,89.6,91.8,14780447.0,10342304.0,1230.06,1224.42,98.5,98.5,0.88,1.02,12476050.0,16153618.0,629.3333333333334,62.5326581342368,14.8504913281716,28.521175513594898,-4.215851602023612,1,0,6,7,-0.43290043290042934
2020-07-01,684,553,690,698,565,727,108.02,91.8,99.9,345726,144712,186428,108.0,104.1,15957105,1198.86,99.6,0.83,568.0,593.0,564.0,676.0,693.0,568.0,558.0,625.0,595.0,644.0,605.0,616.0,103.34,91.33,88.4,91.3,99.9,99.9,297033.0,231116.0,176821.0,146515.0,126677.0,95791.0,104.0,89.0,104.9,89.6,16975416.0,14780447.0,1207.83,1230.06,99.0,98.5,0.85,0.88,10342304.0,13750684.0,650.3333333333334,71.31853429041661,-5.9987395890622075,16.393128036278792,20.4225352112676,1,0,7,8,9.85507246376811
2020-08-01,802,594,758,759,557,780,120.07,95.8,99.9,233363,112142,130477,108.1,107.8,15832054,1186.26,100.4,0.83,684.0,568.0,553.0,564.0,690.0,693.0,698.0,558.0,565.0,595.0,727.0,605.0,108.02,103.34,91.8,88.4,99.9,99.9,345726.0,297033.0,144712.0,176821.0,186428.0,126677.0,108.0,104.0,104.1,104.9,15957105.0,16975416.0,1198.86,1207.83,99.6,99.0,0.83,0.85,14780447.0,12558812.0,713.6666666666666,38.42308333974942,-0.7836697195387266,-32.50059295511475,17.251461988304094,1,0,8,9,14.643799472295505
2020-09-01,804,524,869,768,528,796,123.0,103.0,99.9,342494,138828,191374,108.2,108.1,14669281,1177.65,101.1,0.91,802.0,684.0,594.0,553.0,758.0,690.0,759.0,698.0,557.0,565.0,780.0,727.0,120.07,108.02,95.8,91.8,99.9,99.9,233363.0,345726.0,112142.0,144712.0,130477.0,186428.0,108.1,108.0,107.8,104.1,15832054.0,15957105.0,1186.26,1198.86,100.4,99.6,0.83,0.83,16975416.0,12476050.0,772.3333333333334,90.35670054474835,-7.344422903054781,46.76448280147238,0.24937655860348684,1,0,9,10,-7.1346375143843455
2020-10-01,725,441,807,765,458,834,119.25,104.1,99.9,336283,135809,194893,111.5,108.9,15532675,1141.93,101.7,0.91,804.0,802.0,524.0,594.0,869.0,758.0,768.0,759.0,528.0,557.0,796.0,780.0,123.0,120.07,103.0,95.8,99.9,99.9,342494.0,233363.0,138828.0,112142.0,191374.0,130477.0,108.2,108.1,108.1,107.8,14669281.0,15832054.0,1177.65,1186.26,101.1,100.4,0.91,0.83,15957105.0,10342304.0,811.3333333333334,55.62673218276735,5.88572814168602,-1.813462425619139,-9.825870646766166,1,0,10,11,-1.115241635687736
2020-11-01,773,413,798,749,415,791,123.52,103.8,99.8,324476,143884,187882,108.1,107.4,17007529,1115.2,102.4,0.97,725.0,804.0,441.0,524.0,807.0,869.0,765.0,768.0,458.0,528.0,834.0,796.0,119.25,123.0,104.1,103.0,99.9,99.9,336283.0,342494.0,135809.0,138828.0,194893.0,191374.0,111.5,108.2,108.9,108.1,15532675.0,14669281.0,1141.93,1177.65,101.7,101.1,0.91,0.91,15832054.0,14780447.0,824.6666666666666,38.6566078870524,9.495170664421938,-3.5110308876749596,6.620689655172418,1,0,11,12,-3.383458646616544
2020-12-01,813,451,771,737,462,689,153.07,104.3,99.8,296906,133375,174756,114.3,107.7,16321842,1094.5,103.0,0.97,773.0,725.0,413.0,441.0,798.0,807.0,749.0,765.0,415.0,458.0,791.0,834.0,123.52,119.25,103.8,104.1,99.8,99.9,324476.0,336283.0,143884.0,135809.0,187882.0,194893.0,108.1,111.5,107.4,108.9,17007529.0,15532675.0,1115.2,1141.93,102.4,101.7,0.97,0.91,14669281.0,16975416.0,792.0,18.73499399519486,-4.031667386837912,-8.496776340931223,5.174644243208282,1,0,12,1,6.485084306095978
2021-01-01,818,449,821,870,483,849,166.74,100.4,99.7,314190,116550,192073,106.5,110.5,16426938,1099.03,103.7,0.98,813.0,773.0,451.0,413.0,771.0,798.0,737.0,749.0,462.0,415.0,689.0,791.0,153.07,123.52,104.3,103.8,99.8,99.8,296906.0,324476.0,133375.0,143884.0,174756.0,187882.0,114.3,108.1,107.7,107.4,16321842.0,17007529.0,1094.5,1115.2,103.0,102.4,0.97,0.97,15532675.0,15957105.0,796.6666666666666,25.02665245959438,0.6438979129929079,5.821371073673154,0.6150061500614923,1,0,1,2,-11.084043848964676
2021-02-01,735,463,730,790,500,771,162.33,106.2,99.6,260781,101734,159520,95.1,99.2,17333044,1112.31,104.3,1.0,818.0,813.0,449.0,451.0,821.0,771.0,870.0,737.0,483.0,462.0,849.0,689.0,166.74,153.07,100.4,104.3,99.7,99.8,314190.0,296906.0,116550.0,133375.0,192073.0,174756.0,106.5,114.3,110.5,107.7,16426938.0,16321842.0,1099.03,1094.5,103.7,103.0,0.98,0.97,17007529.0,15832054.0,774.0,45.574115460423236,5.515976258022026,-16.99894968012986,-10.146699266503667,1,0,2,3,15.616438356164375
2021-03-01,790,404,844,843,549,792,166.74,104.0,99.6,333869,141582,194562,116.2,113.5,16974606,1131.06,105.0,1.13,735.0,818.0,463.0,449.0,730.0,821.0,790.0,870.0,500.0,483.0,771.0,849.0,162.33,166.74,106.2,100.4,99.6,99.7,260781.0,314190.0,101734.0,116550.0,159520.0,192073.0,95.1,106.5,99.2,110.5,17333044.0,16426938.0,1112.31,1099.03,104.3,103.7,1.0,0.98,16321842.0,14669281.0,798.3333333333334,60.28543218169146,-2.0679460572534225,28.02658169115082,7.48299319727892,0,0,3,4,-5.094786729857825
2021-04-01,786,396,801,778,540,783,178.25,105.3,99.6,323672,136180,175015,126.7,122.3,19750657,1118.32,105.7,1.14,790.0,735.0,404.0,463.0,844.0,730.0,843.0,790.0,549.0,500.0,792.0,771.0,166.74,162.33,104.0,106.2,99.6,99.6,333869.0,260781.0,141582.0,101734.0,194562.0,159520.0,116.2,95.1,113.5,99.2,16974606.0,17333044.0,1131.06,1112.31,105.0,104.3,1.13,1.0,16426938.0,15532675.0,791.6666666666666,57.57024694521747,16.35414100333168,-3.0541919135948503,-0.5063291139240533,0,0,4,5,-0.8739076154806513
2021-05-01,820,406,794,832,566,806,202.86,104.5,99.5,256333,124802,153524,114.2,114.2,17556939,1123.39,106.4,1.13,786.0,790.0,396.0,404.0,801.0,844.0,778.0,843.0,540.0,549.0,783.0,792.0,178.25,166.74,105.3,104.0,99.6,99.6,323672.0,333869.0,136180.0,141582.0,175015.0,194562.0,126.7,116.2,122.3,113.5,19750657.0,16974606.0,1118.32,1131.06,105.7,105.0,1.14,1.13,17333044.0,17007529.0,813.0,27.073972741361573,-11.107063425788821,-20.804703527027357,4.325699745547085,0,0,5,6,-15.365239294710332
2021-06-01,638,367,672,737,534,768,215.82,103.9,100.0,325781,135497,183514,115.8,120.5,13874043,1121.99,107.0,1.3,820.0,786.0,406.0,396.0,794.0,801.0,832.0,778.0,566.0,540.0,806.0,783.0,202.86,178.25,104.5,105.3,99.5,99.6,256333.0,323672.0,124802.0,136180.0,153524.0,175015.0,114.2,126.7,114.2,122.3,17556939.0,19750657.0,1123.39,1118.32,106.4,105.7,1.13,1.14,16974606.0,16321842.0,755.6666666666666,72.54194189111098,-20.976868462093535,27.0928830856737,-22.19512195121951,0,0,6,7,8.92857142857142
2021-07-01,790,421,732,844,552,825,214.34,106.9,100.0,297584,124042,181708,126.9,132.7,16186761,1145.14,107.1,1.42,638.0,820.0,367.0,406.0,672.0,794.0,737.0,832.0,534.0,566.0,768.0,806.0,215.82,202.86,103.9,104.5,100.0,99.5,325781.0,256333.0,135497.0,124802.0,183514.0,153524.0,115.8,114.2,120.5,114.2,13874043.0,17556939.0,1121.99,1123.39,107.0,106.4,1.3,1.13,19750657.0,16426938.0,732.6666666666666,61.00273217925013,16.66938757505654,-8.655200886485092,23.8244514106583,0,0,7,8,1.6393442622950838
2021-08-01,812,472,744,822,652,730,162.09,107.5,100.1,234963,106796,130213,121.5,123.5,19312241,1161.1,107.1,1.41,790.0,638.0,421.0,367.0,732.0,672.0,844.0,737.0,552.0,534.0,825.0,768.0,214.34,215.82,106.9,103.9,100.0,100.0,297584.0,325781.0,124042.0,135497.0,181708.0,183514.0,126.9,115.8,132.7,120.5,16186761.0,13874043.0,1145.14,1121.99,107.1,107.0,1.42,1.3,17556939.0,17333044.0,716.0,38.57460304397163,19.308866054178473,-21.043134039464483,2.784810126582271,0,0,8,9,6.182795698924726
2021-09-01,811,495,790,768,604,820,113.72,107.9,100.1,229423,92343,151214,121.8,117.4,14706099,1170.43,107.0,1.52,812.0,790.0,472.0,421.0,744.0,732.0,822.0,844.0,652.0,552.0,730.0,825.0,162.09,214.34,107.5,106.9,100.1,100.0,234963.0,297584.0,106796.0,124042.0,130213.0,181708.0,121.5,126.9,123.5,132.7,19312241.0,16186761.0,1161.1,1145.14,107.1,107.1,1.41,1.42,13874043.0,16974606.0,755.3333333333334,30.615900008546497,-23.850893327190768,-2.3578180394359993,-0.12315270935960854,0,0,9,10,-0.5063291139240533
2021-10-01,776,488,786,732,604,733,114.48,104.3,100.1,263723,107101,160123,128.1,132.8,16619686,1181.87,106.9,1.84,811.0,812.0,495.0,472.0,790.0,744.0,768.0,822.0,604.0,652.0,820.0,730.0,113.72,162.09,107.9,107.5,100.1,100.1,229423.0,234963.0,92343.0,106796.0,151214.0,130213.0,121.8,121.5,117.4,123.5,14706099.0,19312241.0,1170.43,1161.1,107.0,107.1,1.52,1.41,16186761.0,19750657.0,773.3333333333334,25.482019804821526,13.012199904271004,14.950549857686447,-4.315659679408135,0,0,10,11,-5.72519083969466
2021-11-01,762,508,741,695,602,696,90.13,107.2,100.1,302983,123909,175621,124.9,114.8,15277025,1183.37,106.8,1.95,776.0,811.0,488.0,495.0,786.0,790.0,732.0,768.0,604.0,604.0,733.0,820.0,114.48,113.72,104.3,107.9,100.1,100.1,263723.0,229423.0,107101.0,92343.0,160123.0,151214.0,128.1,121.8,132.8,117.4,16619686.0,14706099.0,1181.87,1170.43,106.9,107.0,1.84,1.52,19312241.0,17556939.0,772.3333333333334,27.209067116189715,-8.078738671717389,14.886832016926842,-1.8041237113402109,0,0,11,12,-5.937921727395413
2021-12-01,765,570,697,802,635,766,110.46,104.7,100.1,319197,130250,183485,112.7,120.5,14637690,1183.78,107.0,1.8,762.0,776.0,508.0,488.0,741.0,786.0,695.0,732.0,602.0,604.0,696.0,733.0,90.13,114.48,107.2,104.3,100.1,100.1,302983.0,263723.0,123909.0,107101.0,175621.0,160123.0,124.9,128.1,114.8,132.8,15277025.0,16619686.0,1183.37,1181.87,106.8,106.9,1.95,1.84,14706099.0,13874043.0,741.3333333333334,44.50093631973734,-4.184944385441536,5.351455362182045,0.3937007874015741,0,0,12,1,15.925394548063121
2022-01-01,839,589,808,875,679,852,133.05,108.0,100.1,271071,94387,180373,125.9,132.3,22122657,1195.3,107.4,2.06,765.0,762.0,570.0,508.0,697.0,741.0,802.0,695.0,635.0,602.0,766.0,696.0,110.46,90.13,104.7,107.2,100.1,100.1,319197.0,302983.0,130250.0,123909.0,183485.0,175621.0,112.7,124.9,120.5,114.8,14637690.0,15277025.0,1183.78,1183.37,107.0,106.8,1.8,1.95,16619686.0,16186761.0,748.6666666666666,55.89573627150215,51.13489218585718,-15.077209372268541,9.673202614379095,0,0,1,2,-9.405940594059404
2022-02-01,742,589,732,757,693,758,139.7,104.1,100.1,263959,103806,165323,123.5,118.2,16245724,1197.75,107.5,2.29,839.0,765.0,589.0,570.0,808.0,697.0,875.0,802.0,679.0,635.0,852.0,766.0,133.05,110.46,108.0,104.7,100.1,100.1,271071.0,319197.0,94387.0,130250.0,180373.0,183485.0,125.9,112.7,132.3,120.5,22122657.0,14637690.0,1195.3,1183.78,107.4,107.0,2.06,1.8,15277025.0,19312241.0,745.6666666666666,56.7479808745062,-26.565222251558662,-2.6236668621874015,-11.561382598331349,0,0,2,3,7.650273224043724
2022-03-01,746,542,788,823,697,822,147.35,105.4,100.1,302156,111596,177268,117.9,112.9,20479342,1221.27,107.7,2.37,742.0,839.0,589.0,589.0,732.0,808.0,757.0,875.0,693.0,679.0,758.0,852.0,139.7,133.05,104.1,108.0,100.1,100.1,263959.0,271071.0,103806.0,94387.0,165323.0,180373.0,123.5,125.9,118.2,132.3,16245724.0,22122657.0,1197.75,1195.3,107.5,107.4,2.29,2.06,14637690.0,14706099.0,776.0,39.39543120718428,26.05989120583361,14.47080796638871,0.5390835579514919,0,0,3,4,-5.203045685279184
2022-04-01,753,543,747,743,652,786,146.67,102.0,100.1,306462,120356,197412,118.9,115.6,20360770,1235.09,107.8,2.94,746.0,742.0,542.0,589.0,788.0,732.0,823.0,757.0,697.0,693.0,822.0,758.0,147.35,139.7,105.4,104.1,100.1,100.1,302156.0,263959.0,111596.0,103806.0,177268.0,165323.0,117.9,123.5,112.9,118.2,20479342.0,16245724.0,1221.27,1197.75,107.7,107.5,2.37,2.29,22122657.0,16619686.0,755.6666666666666,28.988503468328997,-0.5789834458548526,1.425091674499268,0.9383378016085686,0,0,4,5,-5.35475234270415
2022-05-01,704,533,707,782,660,771,131.09,103.8,100.1,307048,120490,180884,120.3,119.0,20876130,1268.38,108.3,3.02,753.0,746.0,543.0,542.0,747.0,788.0,743.0,823.0,652.0,697.0,786.0,822.0,146.67,147.35,102.0,105.4,100.1,100.1,306462.0,302156.0,120356.0,111596.0,197412.0,177268.0,118.9,117.9,115.6,112.9,20360770.0,20479342.0,1235.09,1221.27,107.8,107.7,2.94,2.37,16245724.0,15277025.0,747.3333333333334,40.50102879351738,2.5311419951210112,0.19121457146400456,-6.507304116865875,0,0,5,6,-7.920792079207917
2022-06-01,738,612,651,760,690,728,131.05,104.9,100.1,328360,121869,171765,114.1,107.0,20559299,1280.83,108.6,3.48,704.0,753.0,533.0,543.0,707.0,747.0,782.0,743.0,660.0,652.0,771.0,786.0,131.09,146.67,103.8,102.0,100.1,100.1,307048.0,306462.0,120490.0,120356.0,180884.0,197412.0,120.3,118.9,119.0,115.6,20876130.0,20360770.0,1268.38,1235.09,108.3,107.8,3.02,2.94,20479342.0,14637690.0,701.6666666666666,48.22171018673357,-1.5176711392389297,6.940934316458658,4.829545454545459,0,0,6,7,21.505376344086024
2022-07-01,831,647,791,822,743,817,109.05,105.0,100.2,324306,122874,222654,99.7,105.5,21434349,1307.45,108.6,3.24,738.0,704.0,612.0,533.0,651.0,707.0,760.0,782.0,690.0,660.0,728.0,771.0,131.05,131.09,104.9,103.8,100.1,100.1,328360.0,307048.0,121869.0,120490.0,171765.0,180884.0,114.1,120.3,107.0,119.0,20559299.0,20876130.0,1280.83,1268.38,108.6,108.3,3.48,3.02,20360770.0,22122657.0,716.3333333333334,70.46512139586024,4.2562248839320915,-1.2346205384334286,12.601626016260159,0,0,7,8,-0.5056890012642201
2022-08-01,812,665,787,772,738,769,109.07,99.3,100.2,284704,105702,166531,88.2,98.6,21257873,1320.35,108.8,3.25,831.0,738.0,647.0,612.0,791.0,651.0,822.0,760.0,743.0,690.0,817.0,728.0,109.05,131.05,105.0,104.9,100.2,100.1,324306.0,328360.0,122874.0,121869.0,222654.0,171765.0,99.7,114.1,105.5,107.0,21434349.0,20559299.0,1307.45,1280.83,108.6,108.6,3.24,3.48,20876130.0,16245724.0,743.0,79.69943538068502,-0.8233326797095653,-12.211306605489881,-2.2864019253910906,0,0,8,9,-11.562897077509525
2022-09-01,646,610,696,560,669,625,100.84,78.7,100.2,307641,114343,195289,103.5,94.4,22646875,1396.5,109.0,3.9,812.0,831.0,665.0,647.0,787.0,791.0,772.0,822.0,738.0,743.0,769.0,817.0,109.07,109.05,99.3,105.0,100.2,100.2,284704.0,324306.0,105702.0,122874.0,166531.0,222654.0,88.2,99.7,98.6,105.5,21257873.0,21434349.0,1320.35,1307.45,108.8,108.6,3.25,3.24,20559299.0,20479342.0,758.0,53.730810528038624,6.534059169513329,8.056437563223561,-20.443349753694584,0,1,9,10,-6.465517241379315
2022-10-01,545,498,651,564,632,588,94.62,77.3,100.2,328173,120580,207594,87.4,99.1,10128951,1425.83,109.2,4.24,646.0,812.0,610.0,665.0,696.0,787.0,560.0,772.0,669.0,738.0,625.0,769.0,100.84,109.07,78.7,99.3,100.2,100.2,307641.0,284704.0,114343.0,105702.0,195289.0,166531.0,103.5,88.2,94.4,98.6,22646875.0,21257873.0,1396.5,1320.35,109.0,108.8,3.9,3.25,21434349.0,20360770.0,711.3333333333334,69.28443788711374,-55.274398785704435,6.674012891649683,-15.634674922600622,0,1,10,11,-3.840245775729645
2022-11-01,590,454,626,572,639,558,94.57,79.2,100.2,379797,127487,217519,87.9,90.1,13816718,1357.86,109.1,3.9,545.0,646.0,498.0,610.0,651.0,696.0,564.0,560.0,632.0,669.0,588.0,625.0,94.62,100.84,77.3,78.7,100.2,100.2,328173.0,307641.0,120580.0,114343.0,207594.0,195289.0,87.4,103.5,99.1,94.4,10128951.0,22646875.0,1425.83,1396.5,109.2,109.0,4.24,3.9,21257873.0,20876130.0,657.6666666666666,35.47299442298779,36.40818284144134,15.730727390735977,8.25688073394495,0,1,11,12,8.94568690095847
2022-12-01,610,372,682,619,560,689,111.41,84.1,100.1,353372,131621,217721,81.6,78.0,11913011,1294.42,108.9,3.63,590.0,545.0,454.0,498.0,626.0,651.0,572.0,564.0,639.0,632.0,558.0,588.0,94.57,94.62,79.2,77.3,100.2,100.2,379797.0,328173.0,127487.0,120580.0,217519.0,207594.0,87.9,87.4,90.1,99.1,13816718.0,10128951.0,1357.86,1425.83,109.1,109.2,3.9,4.24,22646875.0,20559299.0,653.0,28.053520278210865,-13.778286565593945,-6.9576642258890935,3.3898305084745672,0,1,12,1,5.278592375366564
2023-01-01,752,381,718,737,592,699,122.43,91.0,100.6,307072,100973,198511,96.0,107.2,25700310,1245.34,108.9,3.46,610.0,590.0,372.0,454.0,682.0,626.0,619.0,572.0,560.0,639.0,689.0,558.0,111.41,94.57,84.1,79.2,100.1,100.2,353372.0,379797.0,131621.0,127487.0,217721.0,217519.0,81.6,87.9,78.0,90.1,11913011.0,13816718.0,1294.42,1357.86,108.9,109.1,3.63,3.9,10128951.0,21434349.0,675.3333333333334,46.360903068569755,115.73311734539655,-13.102339743952552,23.278688524590162,0,1,1,2,1.810584958217265
2023-02-01,731,376,731,709,605,677,127.08,97.6,100.6,347683,125641,222926,99.5,107.3,14042413,1276.54,108.8,3.47,752.0,610.0,381.0,372.0,718.0,682.0,737.0,619.0,592.0,560.0,699.0,689.0,122.43,111.41,91.0,84.1,100.6,100.1,307072.0,353372.0,100973.0,131621.0,198511.0,217721.0,96.0,81.6,107.2,78.0,25700310.0,11913011.0,1245.34,1294.42,108.9,108.9,3.46,3.63,13816718.0,21257873.0,710.3333333333334,25.383721817994267,-45.36091977100666,13.225237077949137,-2.7925531914893664,0,0,2,3,10.123119015047877
2023-03-01,806,374,805,763,596,765,127.98,104.1,100.6,409953,141437,262914,99.7,102.5,11882099,1305.4,109.0,3.46,731.0,752.0,376.0,381.0,731.0,718.0,709.0,737.0,605.0,592.0,677.0,699.0,127.08,122.43,97.6,91.0,100.6,100.6,347683.0,307072.0,125641.0,100973.0,222926.0,198511.0,99.5,96.0,107.3,107.2,14042413.0,25700310.0,1276.54,1245.34,108.8,108.9,3.47,3.46,11913011.0,22646875.0,751.3333333333334,46.92902442341323,-15.384207828099061,17.90999272325653,10.259917920656637,0,0,3,4,-4.596273291925468
2023-04-01,742,345,768,670,591,669,117.13,100.7,100.6,381070,129155,248868,98.5,97.5,11441454,1322.05,109.0,3.26,806.0,731.0,374.0,376.0,805.0,731.0,763.0,709.0,596.0,605.0,765.0,677.0,127.98,127.08,104.1,97.6,100.6,100.6,409953.0,347683.0,141437.0,125641.0,262914.0,222926.0,99.7,99.5,102.5,107.3,11882099.0,14042413.0,1305.4,1276.54,109.0,108.8,3.46,3.47,25700310.0,10128951.0,768.0,36.99999999999975,-3.7084777697947158,-7.04544179454718,-7.940446650124066,0,0,4,5,-9.635416666666663
2023-05-01,728,375,694,727,614,700,104.52,101.6,100.6,382057,130923,247363,102.5,99.4,19352742,1327.93,109.5,3.33,742.0,806.0,345.0,374.0,768.0,805.0,670.0,763.0,591.0,596.0,669.0,765.0,117.13,127.98,100.7,104.1,100.6,100.6,381070.0,409953.0,129155.0,141437.0,248868.0,262914.0,98.5,99.7,97.5,102.5,11441454.0,11882099.0,1322.05,1305.4,109.0,109.0,3.26,3.46,14042413.0,13816718.0,755.6666666666666,56.51843357112185,69.14582709505277,0.2590075314246709,-1.8867924528301883,0,0,5,6,14.265129682997113
2023-06-01,806,384,793,777,630,750,113.09,101.3,100.6,369762,134503,240118,94.9,94.4,13812020,1296.55,110.1,3.55,728.0,742.0,375.0,345.0,694.0,768.0,727.0,670.0,614.0,591.0,700.0,669.0,104.52,117.13,101.6,100.7,100.6,100.6,382057.0,381070.0,130923.0,129155.0,247363.0,248868.0,102.5,98.5,99.4,97.5,19352742.0,11441454.0,1327.93,1322.05,109.5,109.0,3.33,3.26,11882099.0,11913011.0,751.6666666666666,51.48138822267046,-28.630165172459797,-3.218106198813264,10.71428571428572,0,0,6,7,-0.3783102143757877
2023-07-01,842,430,790,781,628,776,113.98,98.0,100.5,352917,115313,229578,97.4,87.7,12085117,1283.22,110.8,3.64,806.0,728.0,384.0,375.0,793.0,694.0,777.0,727.0,630.0,614.0,750.0,700.0,113.09,104.52,101.3,101.6,100.6,100.6,369762.0,382057.0,134503.0,130923.0,240118.0,247363.0,94.9,102.5,94.4,99.4,13812020.0,19352742.0,1296.55,1327.93,110.1,109.5,3.55,3.33,11441454.0,25700310.0,759.0,56.311632901204156,-12.502899648277365,-4.555633082901977,4.466501240694787,0,0,7,8,-2.0253164556962022
2023-08-01,816,468,774,789,684,727,109.61,97.3,100.5,311907,107064,201070,101.3,104.8,10369696,1321.54,111.0,3.73,842.0,806.0,430.0,384.0,790.0,793.0,781.0,777.0,628.0,630.0,776.0,750.0,113.98,113.09,98.0,101.3,100.5,100.6,352917.0,369762.0,115313.0,134503.0,229578.0,240118.0,97.4,94.9,87.7,94.4,12085117.0,13812020.0,1283.22,1296.55,110.8,110.1,3.64,3.55,19352742.0,14042413.0,785.6666666666666,10.214368964028646,-14.194492283359772,-11.62029599027533,-3.0878859857482177,0,0,8,9,5.03875968992249
2023-09-01,797,448,813,642,637,704,120.43,95.4,100.5,301509,107149,196659,100.3,103.6,14178389,1331.73,111.3,3.84,816.0,842.0,468.0,430.0,774.0,790.0,789.0,781.0,684.0,628.0,727.0,776.0,109.61,113.98,97.3,98.0,100.5,100.5,311907.0,352917.0,107064.0,115313.0,201070.0,229578.0,101.3,97.4,104.8,87.7,10369696.0,12085117.0,1321.54,1283.22,111.0,110.8,3.73,3.64,13812020.0,11882099.0,792.3333333333334,19.60442127004291,36.729070939013056,-3.333686002558456,-2.3284313725490224,0,0,9,10,-0.12300123001229846
2023-10-01,782,414,812,642,584,711,118.75,100.2,100.3,341161,117792,224979,95.9,93.3,15313893,1351.11,111.9,4.03,797.0,816.0,448.0,468.0,813.0,774.0,642.0,789.0,637.0,684.0,704.0,727.0,120.43,109.61,95.4,97.3,100.5,100.5,301509.0,311907.0,107149.0,107064.0,196659.0,201070.0,100.3,101.3,103.6,104.8,14178389.0,10369696.0,1331.73,1321.54,111.3,111.0,3.84,3.73,12085117.0,11441454.0,799.6666666666666,22.23360819420256,8.00869548719534,13.15118288342969,-1.8820577164366359,0,0,10,11,-4.31034482758621
2023-11-01,720,354,777,603,546,637,131.25,96.1,100.3,370386,132722,244814,102.7,98.0,11096593,1308.01,112.3,3.77,782.0,797.0,414.0,448.0,812.0,813.0,642.0,642.0,584.0,637.0,711.0,704.0,118.75,120.43,100.2,95.4,100.3,100.5,341161.0,301509.0,117792.0,107149.0,224979.0,196659.0,95.9,100.3,93.3,103.6,15313893.0,14178389.0,1351.11,1331.73,111.9,111.3,4.03,3.84,10369696.0,19352742.0,800.6666666666666,20.50203241957517,-27.539045754074422,8.566336714923462,-7.928388746803073,0,0,11,12,-8.4942084942085
2023-12-01,794,436,711,749,430,703,137.55,94.8,100.3,367599,114981,247219,100.4,96.1,18217171,1305.12,112.8,3.35,720.0,782.0,354.0,414.0,777.0,812.0,603.0,642.0,546.0,584.0,637.0,711.0,131.25,118.75,96.1,100.2,100.3,100.3,370386.0,341161.0,132722.0,117792.0,244814.0,224979.0,102.7,95.9,98.0,93.3,11096593.0,15313893.0,1308.01,1351.11,112.3,111.9,3.77,4.03,14178389.0,13812020.0,766.6666666666666,51.28677542342967,64.16904720214573,-0.7524582462620111,10.277777777777786,0,0,12,1,18.565400843881854
2024-01-01,851,444,843,771,455,746,136.59,98.9,99.5,358011,103355,243243,106.9,91.2,14382068,1325.67,113.2,3.27,794.0,720.0,436.0,354.0,711.0,777.0,749.0,603.0,430.0,546.0,703.0,637.0,137.55,131.25,94.8,96.1,100.3,100.3,367599.0,370386.0,114981.0,132722.0,247219.0,244814.0,100.4,102.7,96.1,98.0,18217171.0,11096593.0,1305.12,1308.01,112.8,112.3,3.35,3.77,15313893.0,12085117.0,777.0,65.9999999999998,-21.05213262805734,-2.6082769539634176,7.178841309823669,0,0,1,2,-15.77698695136418
2024-02-01,781,511,710,714,508,662,125.93,101.6,99.5,300499,99671,198733,106.6,101.8,15529487,1331.37,113.7,3.35,851.0,794.0,444.0,436.0,843.0,711.0,771.0,749.0,455.0,430.0,746.0,703.0,136.59,137.55,98.9,94.8,99.5,100.3,358011.0,367599.0,103355.0,114981.0,243243.0,247219.0,106.9,100.4,91.2,96.1,14382068.0,18217171.0,1325.67,1305.12,113.2,112.8,3.27,3.35,11096593.0,10369696.0,754.6666666666666,76.50054466037027,7.978122478631033,-16.064310873129596,-8.225616921269097,0,0,2,3,19.999999999999996
2024-03-01,855,508,852,785,500,792,110.19,98.3,99.5,365521,120806,246892,96.8,96.0,14639238,1331.63,113.9,3.31,781.0,851.0,511.0,444.0,710.0,843.0,714.0,771.0,508.0,455.0,662.0,746.0,125.93,136.59,101.6,98.9,99.5,99.5,300499.0,358011.0,99671.0,103355.0,198733.0,243243.0,106.6,106.9,101.8,91.2,15529487.0,14382068.0,1331.37,1325.67,113.7,113.2,3.35,3.27,18217171.0,14178389.0,801.6666666666666,79.51310164578734,-5.7326362422660875,21.638008778731365,9.475032010243268,0,0,3,4,-6.8075117370892
2024-04-01,767,478,794,723,517,709,112.23,97.4,99.4,394363,119545,270711,106.4,96.7,17912602,1369.25,114.5,3.44,855.0,781.0,508.0,511.0,852.0,710.0,785.0,714.0,500.0,508.0,792.0,662.0,110.19,125.93,98.3,101.6,99.5,99.5,365521.0,300499.0,120806.0,99671.0,246892.0,198733.0,96.8,106.6,96.0,101.8,14639238.0,15529487.0,1331.63,1331.37,113.9,113.7,3.31,3.35,14382068.0,15313893.0,785.3333333333334,71.39561144309437,22.360207546321732,7.890654709305345,-10.292397660818708,0,0,4,5,-5.5415617128463435
2024-05-01,704,426,750,690,530,683,119.24,92.1,99.4,372636,117128,255591,116.6,96.4,15973135,1365.05,114.8,3.43,767.0,855.0,478.0,508.0,794.0,852.0,723.0,785.0,517.0,500.0,709.0,792.0,112.23,110.19,97.4,98.3,99.4,99.5,394363.0,365521.0,119545.0,120806.0,270711.0,246892.0,106.4,96.8,96.7,96.0,17912602.0,14639238.0,1369.25,1331.63,114.5,113.9,3.44,3.31,15529487.0,11096593.0,798.6666666666666,51.159880114532164,-10.827388449762909,-5.509391093992089,-8.213820078226863,0,0,5,6,0.8000000000000007
2024-06-01,829,479,756,742,567,701,108.1,93.9,99.4,353788,112498,252341,106.0,94.3,19364030,1379.95,115.2,3.26,704.0,767.0,426.0,478.0,750.0,794.0,690.0,723.0,530.0,517.0,683.0,709.0,119.24,112.23,92.1,97.4,99.4,99.4,372636.0,394363.0,117128.0,119545.0,255591.0,270711.0,116.6,106.4,96.4,96.7,15973135.0,17912602.0,1365.05,1369.25,114.8,114.5,3.43,3.44,14639238.0,18217171.0,766.6666666666666,23.860706890897053,21.228738128113235,-5.058019085649268,17.755681818181813,0,0,6,7,-11.772486772486769
2024-07-01,724,436,667,751,597,723,107.39,93.2,99.3,290612,110556,200112,103.8,93.2,16387224,1383.37,115.4,3.08,829.0,704.0,479.0,426.0,756.0,750.0,742.0,690.0,567.0,530.0,701.0,683.0,108.1,119.24,93.9,92.1,99.4,99.4,353788.0,372636.0,112498.0,117128.0,252341.0,255591.0,106.0,116.6,94.3,96.4,19364030.0,15973135.0,1379.95,1365.05,115.2,114.8,3.26,3.43,17912602.0,14382068.0,724.3333333333334,49.74267115197276,-15.372864016426336,-17.857021719221677,-12.665862484921597,0,0,7,8,4.647676161919034
2024-08-01,792,474,698,790,608,778,100.91,97.3,99.0,299649,106092,189893,104.6,92.2,14258379,1352.87,115.6,2.92,724.0,829.0,436.0,479.0,667.0,756.0,751.0,742.0,597.0,567.0,723.0,701.0,107.39,108.1,93.2,93.9,99.3,99.4,290612.0,353788.0,110556.0,112498.0,200112.0,252341.0,103.8,106.0,93.2,94.3,16387224.0,19364030.0,1383.37,1379.95,115.4,115.2,3.08,3.26,15973135.0,15529487.0,707.0,45.177427992305745,-12.990882409369641,3.109644474419504,9.392265193370175,0,0,8,9,-3.86819484240688
2024-09-01,701,450,671,722,614,719,96.24,95.5,99.0,307251,105948,205674,97.0,83.7,17120356,1332.76,115.9,2.87,792.0,724.0,474.0,436.0,698.0,667.0,790.0,751.0,608.0,597.0,778.0,723.0,100.91,107.39,97.3,93.2,99.0,99.3,299649.0,290612.0,106092.0,110556.0,189893.0,200112.0,104.6,103.8,92.2,93.2,14258379.0,16387224.0,1352.87,1383.37,115.6,115.4,2.92,3.08,19364030.0,14639238.0,678.6666666666666,16.862186493254768,20.072246641781643,2.5369682528558313,-11.489898989898995,0,0,9,10,7.153502235469444
2024-10-01,703,372,719,735,620,727,106.61,97.3,99.0,367584,124587,243483,101.9,84.6,15876341,1365.37,116.2,2.91,701.0,792.0,450.0,474.0,671.0,698.0,722.0,790.0,614.0,608.0,719.0,778.0,96.24,100.91,95.5,97.3,99.0,99.0,307251.0,299649.0,105948.0,106092.0,205674.0,189893.0,97.0,104.6,83.7,92.2,17120356.0,14258379.0,1332.76,1352.87,115.9,115.6,2.87,2.92,16387224.0,17912602.0,696.0,24.062418831031316,-7.266291658888402,19.636388490192047,0.28530670470756636,0,0,10,11,-11.54381084840056
2024-11-01,692,383,636,682,578,721,103.98,96.9,99.0,344423,124096,224672,93.4,91.1,18271585,1394.32,116.5,2.86,703.0,701.0,372.0,450.0,719.0,671.0,735.0,722.0,620.0,614.0,727.0,719.0,106.61,96.24,97.3,95.5,99.0,99.0,367584.0,307251.0,124587.0,105948.0,243483.0,205674.0,101.9,97.0,84.6,83.7,15876341.0,17120356.0,1365.37,1332.76,116.2,115.9,2.91,2.87,14258379.0,15973135.0,675.3333333333334,41.66933324800512,15.086876755796563,-6.30087272568991,-1.5647226173541973,0,0,11,12,9.433962264150942
2024-12-01,768,413,696,770,624,720,105.34,95.4,99.0,373143,119313,251701,109.8,92.1,15483411,1436.78,116.5,2.59,692.0,703.0,383.0,372.0,636.0,719.0,682.0,735.0,578.0,620.0,721.0,727.0,103.98,106.61,96.9,97.3,99.0,99.0,344423.0,367584.0,124096.0,124587.0,224672.0,243483.0,93.4,101.9,91.1,84.6,18271585.0,15876341.0,1394.32,1365.37,116.5,116.2,2.86,2.91,17120356.0,19364030.0,683.6666666666666,42.85246006162662,-15.259617597488118,8.33858366020852,10.982658959537561,0,0,12,1,7.3275862068965525
2025-01-01,816,475,747,797,684,734,103.78,94.0,99.1,290705,90849,199796,95.1,99.1,14690516,1455.5,116.5,2.57,768.0,692.0,413.0,383.0,696.0,636.0,770.0,682.0,624.0,578.0,720.0,721.0,105.34,103.98,95.4,96.9,99.0,99.0,373143.0,344423.0,119313.0,124096.0,251701.0,224672.0,109.8,93.4,92.1,91.1,15483411.0,18271585.0,1436.78,1394.32,116.5,116.5,2.59,2.86,15876341.0,16387224.0,693.0,55.56077753235614,-5.120932332029426,-22.092870561688148,6.25,0,0,1,2,-13.119143239625163
2025-02-01,598,393,649,614,617,676,108.2,90.0,99.1,352045,112682,233082,98.7,101.4,14726030,1445.58,116.9,2.61,816.0,768.0,475.0,413.0,747.0,696.0,797.0,770.0,684.0,624.0,734.0,720.0,103.78,105.34,94.0,95.4,99.1,99.0,290705.0,373143.0,90849.0,119313.0,199796.0,251701.0,95.1,109.8,99.1,92.1,14690516.0,15483411.0,1455.5,1436.78,116.5,116.5,2.57,2.59,18271585.0,14258379.0,697.3333333333334,49.01360355384315,0.24174780518260164,21.100428269207615,-26.71568627450981,0,0,2,3,7.395993836671799
2025-03-01,723,354,697,667,607,670,103.65,91.6,99.1,370486,124383,240821,94.3,99.1,17204492,1457.92,117.6,2.59,598.0,816.0,393.0,475.0,649.0,747.0,614.0,797.0,617.0,684.0,676.0,734.0,108.2,103.78,90.0,94.0,99.1,99.1,352045.0,290705.0,112682.0,90849.0,233082.0,199796.0,98.7,95.1,101.4,99.1,14726030.0,14690516.0,1445.58,1455.5,116.9,116.5,2.61,2.57,15483411.0,17120356.0,697.6666666666666,49.00340124249852,16.830483164844836,5.238250791802179,20.903010033444815,0,0,3,4,11.334289813486365
2025-04-01,831,461,776,726,558,770,100.91,94.4,99.1,385676,129231,247193,91.5,89.9,15425522,1441.92,118.1,2.4,723.0,598.0,354.0,393.0,697.0,649.0,667.0,614.0,607.0,617.0,670.0,676.0,103.65,108.2,91.6,90.0,99.1,99.1,370486.0,352045.0,124383.0,112682.0,240821.0,233082.0,94.3,98.7,99.1,101.4,17204492.0,14726030.0,1457.92,1445.58,117.6,116.9,2.59,2.61,14690516.0,15876341.0,707.3333333333334,64.12747721011097,-10.340148375203405,4.100019973764191,14.937759336099576,0,0,4,5,-1.0309278350515427
2025-05-01,797,457,768,699,531,722,100.27,93.8,99.1,359212,113743,246469,86.7,88.6,17349218,1390.7,118.6,2.33,831.0,723.0,461.0,354.0,776.0,697.0,726.0,667.0,558.0,607.0,770.0,670.0,100.91,103.65,94.4,91.6,99.1,99.1,385676.0,370486.0,129231.0,124383.0,247193.0,240821.0,91.5,94.3,89.9,99.1,15425522.0,17204492.0,1441.92,1457.92,118.1,117.6,2.4,2.59,14726030.0,18271585.0,747.0,43.48562981031742,12.470864843342099,-6.861718126095484,-4.091456077015643,0,0,5,6,-2.473958333333337
2025-06-01,782,365,749,699,465,686,96.17,94.6,99.1,353540,118294,244430,85.2,85.2,17847329,1365.15,119.1,2.44,797.0,831.0,457.0,461.0,768.0,776.0,699.0,726.0,531.0,558.0,722.0,770.0,100.27,100.91,93.8,94.4,99.1,99.1,359212.0,385676.0,113743.0,129231.0,246469.0,247193.0,86.7,91.5,88.6,89.9,17349218.0,15425522.0,1390.7,1441.92,118.6,118.1,2.33,2.4,17204492.0,15483411.0,764.3333333333334,13.868429375141982,2.871086178062887,-1.5790118370210382,-1.8820577164366359,0,0,6,7,6.809078771695587
2025-07-01,866,352,800,752,576,707,101.22,93.8,99.1,316630,111531,212091,97.3,84.4,24157048,1376.92,120.1,2.47,782.0,797.0,365.0,457.0,749.0,768.0,699.0,699.0,465.0,531.0,686.0,722.0,96.17,100.27,94.6,93.8,99.1,99.1,353540.0,359212.0,118294.0,113743.0,244430.0,246469.0,85.2,86.7,85.2,88.6,17847329.0,17349218.0,1365.15,1390.7,119.1,118.6,2.44,2.33,15425522.0,14690516.0,772.3333333333334,25.774664562963775,35.353856030781984,-10.440119929852354,10.741687979539648,0,0,7,8,-4.0000000000000036
2025-08-01,789,340,768,751,595,730,103.29,93.3,99.1,321030,111676,200253,87.1,83.7,22419136,1389.86,120.9,2.43,866.0,782.0,352.0,365.0,800.0,749.0,752.0,699.0,576.0,465.0,707.0,686.0,101.22,96.17,93.8,94.6,99.1,99.1,316630.0,353540.0,111531.0,118294.0,212091.0,244430.0,97.3,85.2,84.4,85.2,24157048.0,17847329.0,1376.92,1365.15,120.1,119.1,2.47,2.44,17349218.0,14726030.0,772.3333333333334,25.774664562963775,-7.194223400143929,1.3896345892682405,-8.891454965357969,0,0,8,9,-3.125
2025-09-01,792,199,744,751,591,751,106.41,94.9,99.1,334359,125300,228361,86.7,85.3,12642359,1392.38,121.2,2.46,789.0,866.0,340.0,352.0,768.0,800.0,751.0,752.0,595.0,576.0,730.0,707.0,103.29,101.22,93.3,93.8,99.1,99.1,321030.0,316630.0,111676.0,111531.0,200253.0,212091.0,87.1,97.3,83.7,84.4,22419136.0,24157048.0,1389.86,1376.92,120.9,120.1,2.43,2.47,17847329.0,17204492.0,770.6666666666666,28.09507667427336,-43.60907128624404,4.151948416035878,0.3802281368821214,0,0,9,10,-4.9731182795698885
2025-10-01,778,240,707,697,613,670,106.87,91.8,99.1,302720,103190,202904,75.7,75.2,12093912,1424.83,121.5,2.6,792.0,789.0,199.0,340.0,744.0,768.0,751.0,751.0,591.0,595.0,751.0,730.0,106.41,103.29,94.9,93.3,99.1,99.1,334359.0,321030.0,125300.0,111676.0,228361.0,200253.0,86.7,87.1,85.3,83.7,12642359.0,22419136.0,1392.38,1389.86,121.2,120.9,2.46,2.43,24157048.0,15425522.0,739.6666666666666,30.73000705065486,-4.338169798848456,-9.462583630169963,-1.7676767676767624,0,0,10,11,3.2531824611032434
2025-11-01,673,384,730,570,533,647,106.23,89.0,99.0,354266,117068,236649,81.7,81.2,19355942,1460.44,122.2,2.88,778.0,792.0,240.0,199.0,707.0,744.0,697.0,751.0,613.0,591.0,670.0,751.0,106.87,106.41,91.8,94.9,99.1,99.1,302720.0,334359.0,103190.0,125300.0,202904.0,228361.0,75.7,86.7,75.2,85.3,12093912.0,12642359.0,1424.83,1392.38,121.5,121.2,2.6,2.46,22419136.0,17349218.0,727.0,18.681541692268418,60.04698893129039,17.02761627906977,-13.496143958868888,0,0,11,12,-4.93150684931507
2025-12-01,752,405,694,651,611,569,107.59,90.2,98.5,362814,116558,244878,80.4,73.1,17354093,1467.14,123.1,3.01,673.0,778.0,384.0,240.0,730.0,707.0,570.0,697.0,533.0,613.0,647.0,670.0,106.23,106.87,89.0,91.8,99.0,99.1,354266.0,302720.0,117068.0,103190.0,236649.0,202904.0,81.7,75.7,81.2,75.2,19355942.0,12093912.0,1460.44,1424.83,122.2,121.5,2.88,2.6,12642359.0,17847329.0,710.3333333333334,18.230011885166093,-10.342296954599261,2.4128762003692072,11.738484398216942,0,0,12,1,6.340057636887608
2026-01-01,825,462,738,770,647,729,107.45,94.0,98.4,360500,103554,246574,78.3,77.6,17416723,1456.28,124.2,3.04,752.0,673.0,405.0,384.0,694.0,730.0,651.0,570.0,611.0,533.0,569.0,647.0,107.59,106.23,90.2,89.0,98.5,99.0,362814.0,354266.0,116558.0,117068.0,244878.0,236649.0,80.4,81.7,73.1,81.2,17354093.0,19355942.0,1467.14,1460.44,123.1,122.2,3.01,2.88,12093912.0,24157048.0,720.6666666666666,23.437861108328494,0.360894689224045,-0.6377923674389607,9.707446808510634,0,0,1,2,-9.485094850948506
2026-02-01,721,499,668,685,642,683,100.97,95.6,98.4,278250,96678,200597,67.9,71.9,19836565,1448.38,125.2,3.17,825.0,752.0,462.0,405.0,738.0,694.0,770.0,651.0,647.0,611.0,729.0,569.0,107.45,107.59,94.0,90.2,98.4,98.5,360500.0,362814.0,103554.0,116558.0,246574.0,244878.0,78.3,80.4,77.6,73.1,17416723.0,17354093.0,1456.28,1467.14,124.2,123.1,3.04,3.01,19355942.0,22419136.0,700.0,35.38361202590775,13.893784726323076,-22.815533980582526,-12.606060606060609,0,0,2,3,8.532934131736525
2026-03-01,743,517,725,736,603,711,107.58,94.4,98.4,387231,128758,259635,74.0,76.8,22472395,1492.5,126.4,3.38,721.0,825.0,499.0,462.0,668.0,738.0,685.0,770.0,642.0,647.0,683.0,729.0,100.97,107.45,95.6,94.0,98.4,98.4,278250.0,360500.0,96678.0,103554.0,200597.0,246574.0,67.9,78.3,71.9,77.6,19836565.0,17416723.0,1448.38,1456.28,125.2,124.2,3.17,3.04,17354093.0,12642359.0,710.3333333333334,37.233497463081505,13.287734040646647,39.166576819407005,3.051317614424409,0,0,3,4,
