date,HR_prod,HR_inv,HR_demand,CR_prod,CR_inv,CR_demand,iron_ore_price,steel_operating_rate,steel_capacity_idx,auto_prod,auto_domestic_ship,auto_export_ship,appliance_prod_idx,appliance_ship_idx,construction_order_amt,usdkrw_avg,leading_idx,gov_bond_3y_avg,HR_prod_lag1,HR_prod_lag2,HR_inv_lag1,HR_inv_lag2,HR_demand_lag1,HR_demand_lag2,CR_prod_lag1,CR_prod_lag2,CR_inv_lag1,CR_inv_lag2,CR_demand_lag1,CR_demand_lag2,iron_ore_price_lag1,iron_ore_price_lag2,steel_operating_rate_lag1,steel_operating_rate_lag2,steel_capacity_idx_lag1,steel_capacity_idx_lag2,auto_prod_lag1,auto_prod_lag2,auto_domestic_ship_lag1,auto_domestic_ship_lag2,auto_export_ship_lag1,auto_export_ship_lag2,appliance_prod_idx_lag1,appliance_prod_idx_lag2,appliance_ship_idx_lag1,appliance_ship_idx_lag2,construction_order_amt_lag1,construction_order_amt_lag2,usdkrw_avg_lag1,usdkrw_avg_lag2,leading_idx_lag1,leading_idx_lag2,gov_bond_3y_avg_lag1,gov_bond_3y_avg_lag2,construction_order_amt_lag3,construction_order_amt_lag6,HR_demand_ma3,HR_demand_std3,construction_order_amt_pct,auto_prod_pct,HR_prod_pct,covid_dummy,posco_flood_dummy,month,target_month,target
2020-03-01,3039.0,701.0,1454.0,767,553,797,88.66,105.8,100.3,369037,151478,206677,93.2,93.3,12476050,1220.23,98.6,1.09,3127.0,3293.0,697.0,713.0,1431.0,1489.0,788.0,791.0,584.0,591.0,795.0,730.0,87.63,95.22,107.7,103.8,100.4,100.3,189230.0,251578.0,82128.0,99964.0,119942.0,148546.0,76.1,89.9,89.8,89.1,12558812.0,13750684.0,1195.16,1166.68,98.7,98.4,1.25,1.37,16153618.0,16271058.0,1458.0,29.206163733020468,-0.6589954527546071,95.02034561116102,-2.8141989126958755,1,0,3,4,-12.792297111416783
2020-04-01,2803.0,778.0,1268.0,715,636,631,83.75,101.4,100.3,289532,145562,123240,88.9,91.8,10342304,1224.42,98.5,1.02,3039.0,3127.0,701.0,697.0,1454.0,1431.0,767.0,788.0,553.0,584.0,797.0,795.0,88.66,87.63,105.8,107.7,100.3,100.4,369037.0,189230.0,151478.0,82128.0,206677.0,119942.0,93.2,76.1,93.3,89.8,12476050.0,12558812.0,1220.23,1195.16,98.6,98.7,1.09,1.25,13750684.0,15020250.0,1384.3333333333333,101.40184087743835,-17.10273684379271,-21.54391023122343,-7.765712405396508,1,0,4,5,-3.7066246056782326
2020-05-01,2674.0,839.0,1221.0,625,644,616,91.33,91.3,99.9,231116,146515,95791,89.0,89.6,14780447,1230.06,98.5,0.88,2803.0,3039.0,778.0,701.0,1268.0,1454.0,715.0,767.0,636.0,553.0,631.0,797.0,83.75,88.66,101.4,105.8,100.3,100.3,289532.0,369037.0,145562.0,151478.0,123240.0,206677.0,88.9,93.2,91.8,93.3,10342304.0,12476050.0,1224.42,1220.23,98.5,98.6,1.02,1.09,12558812.0,12411473.0,1314.3333333333333,123.21661143422716,42.9125173655696,-20.176008178716,-4.602211915804499,1,0,5,6,4.176904176904173
2020-06-01,2601.0,782.0,1272.0,558,595,605,103.34,88.4,99.9,297033,176821,126677,104.0,104.9,16975416,1207.83,99.0,0.85,2674.0,2803.0,839.0,778.0,1221.0,1268.0,625.0,715.0,644.0,636.0,616.0,631.0,91.33,83.75,91.3,101.4,99.9,100.3,231116.0,289532.0,146515.0,145562.0,95791.0,123240.0,89.0,88.9,89.6,91.8,14780447.0,10342304.0,1230.06,1224.42,98.5,98.5,0.88,1.02,12476050.0,16153618.0,1253.6666666666667,28.360771028540647,14.8504913281716,28.521175513594898,-2.729992520568436,1,0,6,7,15.880503144654078
2020-07-01,3117.0,782.0,1474.0,698,565,727,108.02,91.8,99.9,345726,144712,186428,108.0,104.1,15957105,1198.86,99.6,0.83,2601.0,2674.0,782.0,839.0,1272.0,1221.0,558.0,625.0,595.0,644.0,605.0,616.0,103.34,91.33,88.4,91.3,99.9,99.9,297033.0,231116.0,176821.0,146515.0,126677.0,95791.0,104.0,89.0,104.9,89.6,16975416.0,14780447.0,1207.83,1230.06,99.0,98.5,0.85,0.88,10342304.0,13750684.0,1322.3333333333333,133.7996013945233,-5.9987395890622075,16.393128036278792,19.838523644752026,1,0,7,8,5.902306648575295
2020-08-01,3290.0,809.0,1561.0,759,557,780,120.07,95.8,99.9,233363,112142,130477,108.1,107.8,15832054,1186.26,100.4,0.83,3117.0,2601.0,782.0,782.0,1474.0,1272.0,698.0,558.0,565.0,595.0,727.0,605.0,108.02,103.34,91.8,88.4,99.9,99.9,345726.0,297033.0,144712.0,176821.0,186428.0,126677.0,108.0,104.0,104.1,104.9,15957105.0,16975416.0,1198.86,1207.83,99.6,99.0,0.83,0.85,14780447.0,12558812.0,1435.6666666666667,148.2644034599449,-0.7836697195387266,-32.50059295511475,5.550208533846646,1,0,8,9,-3.0749519538757153
2020-09-01,3145.0,769.0,1513.0,768,528,796,123.0,103.0,99.9,342494,138828,191374,108.2,108.1,14669281,1177.65,101.1,0.91,3290.0,3117.0,809.0,782.0,1561.0,1474.0,759.0,698.0,557.0,565.0,780.0,727.0,120.07,108.02,95.8,91.8,99.9,99.9,233363.0,345726.0,112142.0,144712.0,130477.0,186428.0,108.1,108.0,107.8,104.1,15832054.0,15957105.0,1186.26,1198.86,100.4,99.6,0.83,0.83,16975416.0,12476050.0,1516.0,43.5775171390016,-7.344422903054781,46.76448280147238,-4.4072948328267465,1,0,9,10,-0.396563119629878
2020-10-01,3084.0,745.0,1507.0,765,458,834,119.25,104.1,99.9,336283,135809,194893,111.5,108.9,15532675,1141.93,101.7,0.91,3145.0,3290.0,769.0,809.0,1513.0,1561.0,768.0,759.0,528.0,557.0,796.0,780.0,123.0,120.07,103.0,95.8,99.9,99.9,342494.0,233363.0,138828.0,112142.0,191374.0,130477.0,108.2,108.1,108.1,107.8,14669281.0,15832054.0,1177.65,1186.26,101.1,100.4,0.91,0.83,15957105.0,10342304.0,1527.0,29.597297173897115,5.88572814168602,-1.813462425619139,-1.9395866454689936,1,0,10,11,2.3224950232249464
2020-11-01,3127.0,730.0,1542.0,749,415,791,123.52,103.8,99.8,324476,143884,187882,108.1,107.4,17007529,1115.2,102.4,0.97,3084.0,3145.0,745.0,769.0,1507.0,1513.0,765.0,768.0,458.0,528.0,834.0,796.0,119.25,123.0,104.1,103.0,99.9,99.9,336283.0,342494.0,135809.0,138828.0,194893.0,191374.0,111.5,108.2,108.9,108.1,15532675.0,14669281.0,1141.93,1177.65,101.7,101.1,0.91,0.91,15832054.0,14780447.0,1520.6666666666667,18.71719352182133,9.495170664421938,-3.5110308876749596,1.3942931258106306,1,0,11,12,-2.4643320363164745
2020-12-01,3324.0,790.0,1504.0,737,462,689,153.07,104.3,99.8,296906,133375,174756,114.3,107.7,16321842,1094.5,103.0,0.97,3127.0,3084.0,730.0,745.0,1542.0,1507.0,749.0,765.0,415.0,458.0,791.0,834.0,123.52,119.25,103.8,104.1,99.8,99.9,324476.0,336283.0,143884.0,135809.0,187882.0,194893.0,108.1,111.5,107.4,108.9,17007529.0,15532675.0,1115.2,1141.93,102.4,101.7,0.97,0.91,14669281.0,16975416.0,1517.6666666666667,21.126602503320562,-4.031667386837912,-8.496776340931223,6.299968020466906,1,0,12,1,5.518617021276606
2021-01-01,3407.0,370.0,1587.0,870,483,849,166.74,100.4,99.7,314190,116550,192073,106.5,110.5,16426938,1099.03,103.7,0.98,3324.0,3127.0,790.0,730.0,1504.0,1542.0,737.0,749.0,462.0,415.0,689.0,791.0,153.07,123.52,104.3,103.8,99.8,99.8,296906.0,324476.0,133375.0,143884.0,174756.0,187882.0,114.3,108.1,107.7,107.4,16321842.0,17007529.0,1094.5,1115.2,103.0,102.4,0.97,0.97,15532675.0,15957105.0,1544.3333333333333,41.54916766113748,0.6438979129929079,5.821371073673154,2.496991576413965,1,0,1,2,-15.500945179584125
2021-02-01,3092.0,457.0,1341.0,790,500,771,162.33,106.2,99.6,260781,101734,159520,95.1,99.2,17333044,1112.31,104.3,1.0,3407.0,3324.0,370.0,790.0,1587.0,1504.0,870.0,737.0,483.0,462.0,849.0,689.0,166.74,153.07,100.4,104.3,99.7,99.8,314190.0,296906.0,116550.0,133375.0,192073.0,174756.0,106.5,114.3,110.5,107.7,16426938.0,16321842.0,1099.03,1094.5,103.7,103.0,0.98,0.97,17007529.0,15832054.0,1477.3333333333333,125.14924423796296,5.515976258022026,-16.99894968012986,-9.245670678015848,1,0,2,3,6.562266964951524
2021-03-01,3098.0,428.0,1429.0,843,549,792,166.74,104.0,99.6,333869,141582,194562,116.2,113.5,16974606,1131.06,105.0,1.13,3092.0,3407.0,457.0,370.0,1341.0,1587.0,790.0,870.0,500.0,483.0,771.0,849.0,162.33,166.74,106.2,100.4,99.6,99.7,260781.0,314190.0,101734.0,116550.0,159520.0,192073.0,95.1,106.5,99.2,110.5,17333044.0,16426938.0,1112.31,1099.03,104.3,103.7,1.0,0.98,16321842.0,14669281.0,1452.3333333333333,124.64884008017604,-2.0679460572534225,28.02658169115082,0.19404915912031306,0,0,3,4,3.0090972708187502
2021-04-01,3277.0,444.0,1472.0,778,540,783,178.25,105.3,99.6,323672,136180,175015,126.7,122.3,19750657,1118.32,105.7,1.14,3098.0,3092.0,428.0,457.0,1429.0,1341.0,843.0,790.0,549.0,500.0,792.0,771.0,166.74,162.33,104.0,106.2,99.6,99.6,333869.0,260781.0,141582.0,101734.0,194562.0,159520.0,116.2,95.1,113.5,99.2,16974606.0,17333044.0,1131.06,1112.31,105.0,104.3,1.13,1.0,16426938.0,15532675.0,1414.0,66.77574409918591,16.35414100333168,-3.0541919135948503,5.777921239509354,0,0,4,5,-3.125
2021-05-01,3196.0,444.0,1426.0,832,566,806,202.86,104.5,99.5,256333,124802,153524,114.2,114.2,17556939,1123.39,106.4,1.13,3277.0,3098.0,444.0,428.0,1472.0,1429.0,778.0,843.0,540.0,549.0,783.0,792.0,178.25,166.74,105.3,104.0,99.6,99.6,323672.0,333869.0,136180.0,141582.0,175015.0,194562.0,126.7,116.2,122.3,113.5,19750657.0,16974606.0,1118.32,1131.06,105.7,105.0,1.14,1.13,17333044.0,17007529.0,1442.3333333333333,25.73583752927606,-11.107063425788821,-20.804703527027357,-2.47177296307598,0,0,5,6,-8.976157082748948
2021-06-01,3025.0,453.0,1298.0,737,534,768,215.82,103.9,100.0,325781,135497,183514,115.8,120.5,13874043,1121.99,107.0,1.3,3196.0,3277.0,444.0,444.0,1426.0,1472.0,832.0,778.0,566.0,540.0,806.0,783.0,202.86,178.25,104.5,105.3,99.5,99.6,256333.0,323672.0,124802.0,136180.0,153524.0,175015.0,114.2,126.7,114.2,122.3,17556939.0,19750657.0,1123.39,1118.32,106.4,105.7,1.13,1.14,16974606.0,16321842.0,1398.6666666666667,90.16281569102254,-20.976868462093535,27.0928830856737,-5.350438047559447,0,0,6,7,9.476117103235747
2021-07-01,3340.0,536.0,1421.0,844,552,825,214.34,106.9,100.0,297584,124042,181708,126.9,132.7,16186761,1145.14,107.1,1.42,3025.0,3196.0,453.0,444.0,1298.0,1426.0,737.0,832.0,534.0,566.0,768.0,806.0,215.82,202.86,103.9,104.5,100.0,99.5,325781.0,256333.0,135497.0,124802.0,183514.0,153524.0,115.8,114.2,120.5,114.2,13874043.0,17556939.0,1121.99,1123.39,107.0,106.4,1.3,1.13,19750657.0,16426938.0,1381.6666666666667,72.5005747103656,16.66938757505654,-8.655200886485092,10.413223140495864,0,0,7,8,-7.881773399014779
2021-08-01,3298.0,609.0,1309.0,822,652,730,162.09,107.5,100.1,234963,106796,130213,121.5,123.5,19312241,1161.1,107.1,1.41,3340.0,3025.0,536.0,453.0,1421.0,1298.0,844.0,737.0,552.0,534.0,825.0,768.0,214.34,215.82,106.9,103.9,100.0,100.0,297584.0,325781.0,124042.0,135497.0,181708.0,183514.0,126.9,115.8,132.7,120.5,16186761.0,13874043.0,1145.14,1121.99,107.1,107.0,1.42,1.3,17556939.0,17333044.0,1342.6666666666667,68.06124692755274,19.308866054178473,-21.043134039464483,-1.2574850299401197,0,0,8,9,11.99388846447671
2021-09-01,3290.0,607.0,1466.0,768,604,820,113.72,107.9,100.1,229423,92343,151214,121.8,117.4,14706099,1170.43,107.0,1.52,3298.0,3340.0,609.0,536.0,1309.0,1421.0,822.0,844.0,652.0,552.0,730.0,825.0,162.09,214.34,107.5,106.9,100.1,100.0,234963.0,297584.0,106796.0,124042.0,130213.0,181708.0,121.5,126.9,123.5,132.7,19312241.0,16186761.0,1161.1,1145.14,107.1,107.1,1.41,1.42,13874043.0,16974606.0,1398.6666666666667,80.84759324391358,-23.850893327190768,-2.3578180394359993,-0.24257125530624535,0,0,9,10,-8.935879945429736
2021-10-01,2996.0,683.0,1335.0,732,604,733,114.48,104.3,100.1,263723,107101,160123,128.1,132.8,16619686,1181.87,106.9,1.84,3290.0,3298.0,607.0,609.0,1466.0,1309.0,768.0,822.0,604.0,652.0,820.0,730.0,113.72,162.09,107.9,107.5,100.1,100.1,229423.0,234963.0,92343.0,106796.0,151214.0,130213.0,121.8,121.5,117.4,123.5,14706099.0,19312241.0,1170.43,1161.1,107.0,107.1,1.52,1.41,16186761.0,19750657.0,1370.0,84.14867794564552,13.012199904271004,14.950549857686447,-8.936170212765958,0,0,10,11,3.8951310861423227
2021-11-01,3161.0,757.0,1387.0,695,602,696,90.13,107.2,100.1,302983,123909,175621,124.9,114.8,15277025,1183.37,106.8,1.95,2996.0,3290.0,683.0,607.0,1335.0,1466.0,732.0,768.0,604.0,604.0,733.0,820.0,114.48,113.72,104.3,107.9,100.1,100.1,263723.0,229423.0,107101.0,92343.0,160123.0,151214.0,128.1,121.8,132.8,117.4,16619686.0,14706099.0,1181.87,1170.43,106.9,107.0,1.84,1.52,19312241.0,17556939.0,1396.0,65.96211033616169,-8.078738671717389,14.886832016926842,5.507343124165565,0,0,11,12,3.749098774333093
2021-12-01,3310.0,771.0,1439.0,802,635,766,110.46,104.7,100.1,319197,130250,183485,112.7,120.5,14637690,1183.78,107.0,1.8,3161.0,2996.0,757.0,683.0,1387.0,1335.0,695.0,732.0,602.0,604.0,696.0,733.0,90.13,114.48,107.2,104.3,100.1,100.1,302983.0,263723.0,123909.0,107101.0,175621.0,160123.0,124.9,128.1,114.8,132.8,15277025.0,16619686.0,1183.37,1181.87,106.8,106.9,1.95,1.84,14706099.0,13874043.0,1387.0,51.9999999999997,-4.184944385441536,5.351455362182045,4.713698196773164,0,0,12,1,-2.3627519110493433
2022-01-01,3411.0,826.0,1405.0,875,679,852,133.05,108.0,100.1,271071,94387,180373,125.9,132.3,22122657,1195.3,107.4,2.06,3310.0,3161.0,771.0,757.0,1439.0,1387.0,802.0,695.0,635.0,602.0,766.0,696.0,110.46,90.13,104.7,107.2,100.1,100.1,319197.0,302983.0,130250.0,123909.0,183485.0,175621.0,112.7,124.9,120.5,114.8,14637690.0,15277025.0,1183.78,1183.37,107.0,106.8,1.8,1.95,16619686.0,16186761.0,1410.3333333333333,26.407069760450554,51.13489218585718,-15.077209372268541,3.0513595166163032,0,0,1,2,-16.298932384341636
2022-02-01,2820.0,716.0,1176.0,757,693,758,139.7,104.1,100.1,263959,103806,165323,123.5,118.2,16245724,1197.75,107.5,2.29,3411.0,3310.0,826.0,771.0,1405.0,1439.0,875.0,802.0,679.0,635.0,852.0,766.0,133.05,110.46,108.0,104.7,100.1,100.1,271071.0,319197.0,94387.0,130250.0,180373.0,183485.0,125.9,112.7,132.3,120.5,22122657.0,14637690.0,1195.3,1183.78,107.4,107.0,2.06,1.8,15277025.0,19312241.0,1340.0,143.0419518882484,-26.565222251558662,-2.6236668621874015,-17.326297273526826,0,0,2,3,17.51700680272108
2022-03-01,3205.0,726.0,1382.0,823,697,822,147.35,105.4,100.1,302156,111596,177268,117.9,112.9,20479342,1221.27,107.7,2.37,2820.0,3411.0,716.0,826.0,1176.0,1405.0,757.0,875.0,693.0,679.0,758.0,852.0,139.7,133.05,104.1,108.0,100.1,100.1,263959.0,271071.0,103806.0,94387.0,165323.0,180373.0,123.5,125.9,118.2,132.3,16245724.0,22122657.0,1197.75,1195.3,107.5,107.4,2.29,2.06,14637690.0,14706099.0,1321.0,126.09916732476853,26.05989120583361,14.47080796638871,13.652482269503551,0,0,3,4,-12.301013024602025
2022-04-01,2866.0,626.0,1212.0,743,652,786,146.67,102.0,100.1,306462,120356,197412,118.9,115.6,20360770,1235.09,107.8,2.94,3205.0,2820.0,726.0,716.0,1382.0,1176.0,823.0,757.0,697.0,693.0,822.0,758.0,147.35,139.7,105.4,104.1,100.1,100.1,302156.0,263959.0,111596.0,103806.0,177268.0,165323.0,117.9,123.5,112.9,118.2,20479342.0,16245724.0,1221.27,1197.75,107.7,107.5,2.37,2.29,22122657.0,16619686.0,1256.6666666666667,110.02423975348935,-0.5789834458548526,1.425091674499268,-10.57722308892356,0,0,4,5,12.128712871287139
2022-05-01,3199.0,633.0,1359.0,782,660,771,131.09,103.8,100.1,307048,120490,180884,120.3,119.0,20876130,1268.38,108.3,3.02,2866.0,3205.0,626.0,726.0,1212.0,1382.0,743.0,823.0,652.0,697.0,786.0,822.0,146.67,147.35,102.0,105.4,100.1,100.1,306462.0,302156.0,120356.0,111596.0,197412.0,177268.0,118.9,117.9,115.6,112.9,20360770.0,20479342.0,1235.09,1221.27,107.8,107.7,2.94,2.37,16245724.0,15277025.0,1317.6666666666667,92.22978549976845,2.5311419951210112,0.19121457146400456,11.618981158408936,0,0,5,6,-4.856512141280356
2022-06-01,3162.0,731.0,1293.0,760,690,728,131.05,104.9,100.1,328360,121869,171765,114.1,107.0,20559299,1280.83,108.6,3.48,3199.0,2866.0,633.0,626.0,1359.0,1212.0,782.0,743.0,660.0,652.0,771.0,786.0,131.09,146.67,103.8,102.0,100.1,100.1,307048.0,306462.0,120490.0,120356.0,180884.0,197412.0,120.3,118.9,119.0,115.6,20876130.0,20360770.0,1268.38,1235.09,108.3,107.8,3.02,2.94,20479342.0,14637690.0,1288.0,73.62744053679965,-1.5176711392389297,6.940934316458658,-1.1566114410753392,0,0,6,7,5.336426914153125
2022-07-01,3302.0,713.0,1362.0,822,743,817,109.05,105.0,100.2,324306,122874,222654,99.7,105.5,21434349,1307.45,108.6,3.24,3162.0,3199.0,731.0,633.0,1293.0,1359.0,760.0,782.0,690.0,660.0,728.0,771.0,131.05,131.09,104.9,103.8,100.1,100.1,328360.0,307048.0,121869.0,120490.0,171765.0,180884.0,114.1,120.3,107.0,119.0,20559299.0,20876130.0,1280.83,1268.38,108.6,108.3,3.48,3.02,20360770.0,22122657.0,1338.0,38.9999999999996,4.2562248839320915,-1.2346205384334286,4.427577482605938,0,0,7,8,-4.038179148311305
2022-08-01,3171.0,659.0,1307.0,772,738,769,109.07,99.3,100.2,284704,105702,166531,88.2,98.6,21257873,1320.35,108.8,3.25,3302.0,3162.0,713.0,731.0,1362.0,1293.0,822.0,760.0,743.0,690.0,817.0,728.0,109.05,131.05,105.0,104.9,100.2,100.1,324306.0,328360.0,122874.0,121869.0,222654.0,171765.0,99.7,114.1,105.5,107.0,21434349.0,20559299.0,1307.45,1280.83,108.6,108.6,3.24,3.48,20876130.0,16245724.0,1320.6666666666667,36.47373484212034,-0.8233326797095653,-12.211306605489881,-3.9672925499697143,0,0,8,9,-20.679402929779855
2022-09-01,2460.0,739.0,1013.0,560,669,625,100.84,78.7,100.2,307641,114343,195289,103.5,94.4,22646875,1396.5,109.0,3.9,3171.0,3302.0,659.0,713.0,1307.0,1362.0,772.0,822.0,738.0,743.0,769.0,817.0,109.07,109.05,99.3,105.0,100.2,100.2,284704.0,324306.0,105702.0,122874.0,166531.0,222654.0,88.2,99.7,98.6,105.5,21257873.0,21434349.0,1320.35,1307.45,108.8,108.6,3.25,3.24,20559299.0,20479342.0,1227.3333333333333,187.64416679804702,6.534059169513329,8.056437563223561,-22.421948912015132,0,1,9,10,17.7690029615005
2022-10-01,2246.0,580.0,1193.0,564,632,588,94.62,77.3,100.2,328173,120580,207594,87.4,99.1,10128951,1425.83,109.2,4.24,2460.0,3171.0,739.0,659.0,1013.0,1307.0,560.0,772.0,669.0,738.0,625.0,769.0,100.84,109.07,78.7,99.3,100.2,100.2,307641.0,284704.0,114343.0,105702.0,195289.0,166531.0,103.5,88.2,94.4,98.6,22646875.0,21257873.0,1396.5,1320.35,109.0,108.8,3.9,3.25,21434349.0,20360770.0,1171.0,148.22955170950206,-55.274398785704435,6.674012891649683,-8.699186991869922,0,1,10,11,-11.23218776194468
2022-11-01,2083.0,552.0,1059.0,572,639,558,94.57,79.2,100.2,379797,127487,217519,87.9,90.1,13816718,1357.86,109.1,3.9,2246.0,2460.0,580.0,739.0,1193.0,1013.0,564.0,560.0,632.0,669.0,588.0,625.0,94.62,100.84,77.3,78.7,100.2,100.2,328173.0,307641.0,120580.0,114343.0,207594.0,195289.0,87.4,103.5,99.1,94.4,10128951.0,22646875.0,1425.83,1396.5,109.2,109.0,4.24,3.9,21257873.0,20876130.0,1088.3333333333333,93.51648695996488,36.40818284144134,15.730727390735977,-7.257346393588604,0,1,11,12,16.713881019830023
2022-12-01,2806.0,516.0,1236.0,619,560,689,111.41,84.1,100.1,353372,131621,217721,81.6,78.0,11913011,1294.42,108.9,3.63,2083.0,2246.0,552.0,580.0,1059.0,1193.0,572.0,564.0,639.0,632.0,558.0,588.0,94.57,94.62,79.2,77.3,100.2,100.2,379797.0,328173.0,127487.0,120580.0,217519.0,207594.0,87.9,87.4,90.1,99.1,13816718.0,10128951.0,1357.86,1425.83,109.1,109.2,3.9,4.24,22646875.0,20559299.0,1162.6666666666667,92.31648462400028,-13.778286565593945,-6.9576642258890935,34.70955352856458,0,1,12,1,4.692556634304212
2023-01-01,2979.0,545.0,1294.0,737,592,699,122.43,91.0,100.6,307072,100973,198511,96.0,107.2,25700310,1245.34,108.9,3.46,2806.0,2083.0,516.0,552.0,1236.0,1059.0,619.0,572.0,560.0,639.0,689.0,558.0,111.41,94.57,84.1,79.2,100.1,100.2,353372.0,379797.0,131621.0,127487.0,217721.0,217519.0,81.6,87.9,78.0,90.1,11913011.0,13816718.0,1294.42,1357.86,108.9,109.1,3.63,3.9,10128951.0,21434349.0,1196.3333333333333,122.4186804917178,115.73311734539655,-13.102339743952552,6.1653599429793315,0,1,1,2,3.477588871715609
2023-02-01,2871.0,564.0,1339.0,709,605,677,127.08,97.6,100.6,347683,125641,222926,99.5,107.3,14042413,1276.54,108.8,3.47,2979.0,2806.0,545.0,516.0,1294.0,1236.0,737.0,619.0,592.0,560.0,699.0,689.0,122.43,111.41,91.0,84.1,100.6,100.1,307072.0,353372.0,100973.0,131621.0,198511.0,217721.0,96.0,81.6,107.2,78.0,25700310.0,11913011.0,1245.34,1294.42,108.9,108.9,3.46,3.63,13816718.0,21257873.0,1289.6666666666667,51.63655036244476,-45.36091977100666,13.225237077949137,-3.625377643504535,0,0,2,3,10.754294249439877
2023-03-01,3305.0,610.0,1483.0,763,596,765,127.98,104.1,100.6,409953,141437,262914,99.7,102.5,11882099,1305.4,109.0,3.46,2871.0,2979.0,564.0,545.0,1339.0,1294.0,709.0,737.0,605.0,592.0,677.0,699.0,127.08,122.43,97.6,91.0,100.6,100.6,347683.0,307072.0,125641.0,100973.0,222926.0,198511.0,99.5,96.0,107.3,107.2,14042413.0,25700310.0,1276.54,1245.34,108.8,108.9,3.47,3.46,11913011.0,22646875.0,1372.0,98.7268960314258,-15.384207828099061,17.90999272325653,15.116684082201326,0,0,3,4,-8.968307484828053
2023-04-01,2906.0,659.0,1350.0,670,591,669,117.13,100.7,100.6,381070,129155,248868,98.5,97.5,11441454,1322.05,109.0,3.26,3305.0,2871.0,610.0,564.0,1483.0,1339.0,763.0,709.0,596.0,605.0,765.0,677.0,127.98,127.08,104.1,97.6,100.6,100.6,409953.0,347683.0,141437.0,125641.0,262914.0,222926.0,99.7,99.5,102.5,107.3,11882099.0,14042413.0,1305.4,1276.54,109.0,108.8,3.46,3.47,25700310.0,10128951.0,1390.6666666666667,80.15193904911655,-3.7084777697947158,-7.04544179454718,-12.072617246596062,0,0,4,5,10.000000000000009
2023-05-01,3048.0,671.0,1485.0,727,614,700,104.52,101.6,100.6,382057,130923,247363,102.5,99.4,19352742,1327.93,109.5,3.33,2906.0,3305.0,659.0,610.0,1350.0,1483.0,670.0,763.0,591.0,596.0,669.0,765.0,117.13,127.98,100.7,104.1,100.6,100.6,381070.0,409953.0,129155.0,141437.0,248868.0,262914.0,98.5,99.7,97.5,102.5,11441454.0,11882099.0,1322.05,1305.4,109.0,109.0,3.26,3.46,14042413.0,13816718.0,1439.3333333333333,77.37139867763342,69.14582709505277,0.2590075314246709,4.8864418444597435,0,0,5,6,-5.589225589225588
2023-06-01,3223.0,674.0,1402.0,777,630,750,113.09,101.3,100.6,369762,134503,240118,94.9,94.4,13812020,1296.55,110.1,3.55,3048.0,2906.0,671.0,659.0,1485.0,1350.0,727.0,670.0,614.0,591.0,700.0,669.0,104.52,117.13,101.6,100.7,100.6,100.6,382057.0,381070.0,130923.0,129155.0,247363.0,248868.0,102.5,98.5,99.4,97.5,19352742.0,11441454.0,1327.93,1322.05,109.5,109.0,3.33,3.26,11882099.0,11913011.0,1412.3333333333333,68.09062588442913,-28.630165172459797,-3.218106198813264,5.7414698162729705,0,0,6,7,-0.3566333808844524
2023-07-01,3232.0,665.0,1397.0,781,628,776,113.98,98.0,100.5,352917,115313,229578,97.4,87.7,12085117,1283.22,110.8,3.64,3223.0,3048.0,674.0,671.0,1402.0,1485.0,777.0,727.0,630.0,614.0,750.0,700.0,113.09,104.52,101.3,101.6,100.6,100.6,369762.0,382057.0,134503.0,130923.0,240118.0,247363.0,94.9,102.5,94.4,99.4,13812020.0,19352742.0,1296.55,1327.93,110.1,109.5,3.55,3.33,11441454.0,25700310.0,1428.0,49.4267134250292,-12.502899648277365,-4.555633082901977,0.2792429413589925,0,0,7,8,-6.8002863278453844
2023-08-01,3161.0,681.0,1302.0,789,684,727,109.61,97.3,100.5,311907,107064,201070,101.3,104.8,10369696,1321.54,111.0,3.73,3232.0,3223.0,665.0,674.0,1397.0,1402.0,781.0,777.0,628.0,630.0,776.0,750.0,113.98,113.09,98.0,101.3,100.5,100.6,352917.0,369762.0,115313.0,134503.0,229578.0,240118.0,97.4,94.9,87.7,94.4,12085117.0,13812020.0,1283.22,1296.55,110.8,110.1,3.64,3.55,19352742.0,14042413.0,1367.0,56.34713834792288,-14.194492283359772,-11.62029599027533,-2.1967821782178265,0,0,8,9,-1.766513056835639
2023-09-01,2751.0,605.0,1279.0,642,637,704,120.43,95.4,100.5,301509,107149,196659,100.3,103.6,14178389,1331.73,111.3,3.84,3161.0,3232.0,681.0,665.0,1302.0,1397.0,789.0,781.0,684.0,628.0,727.0,776.0,109.61,113.98,97.3,98.0,100.5,100.5,311907.0,352917.0,107064.0,115313.0,201070.0,229578.0,101.3,97.4,104.8,87.7,10369696.0,12085117.0,1321.54,1283.22,111.0,110.8,3.73,3.64,13812020.0,11882099.0,1326.0,62.55397669213334,36.729070939013056,-3.333686002558456,-12.970578930718125,0,0,9,10,8.131352619233766
2023-10-01,2935.0,638.0,1383.0,642,584,711,118.75,100.2,100.3,341161,117792,224979,95.9,93.3,15313893,1351.11,111.9,4.03,2751.0,3161.0,605.0,681.0,1279.0,1302.0,642.0,789.0,637.0,684.0,704.0,727.0,120.43,109.61,95.4,97.3,100.5,100.5,301509.0,311907.0,107149.0,107064.0,196659.0,201070.0,100.3,101.3,103.6,104.8,14178389.0,10369696.0,1331.73,1321.54,111.3,111.0,3.84,3.73,12085117.0,11441454.0,1321.3333333333333,54.62905209989734,8.00869548719534,13.15118288342969,6.688476917484554,0,0,10,11,-0.9399855386840184
2023-11-01,2870.0,641.0,1370.0,603,546,637,131.25,96.1,100.3,370386,132722,244814,102.7,98.0,11096593,1308.01,112.3,3.77,2935.0,2751.0,638.0,605.0,1383.0,1279.0,642.0,642.0,584.0,637.0,711.0,704.0,118.75,120.43,100.2,95.4,100.3,100.5,341161.0,301509.0,117792.0,107149.0,224979.0,196659.0,95.9,100.3,93.3,103.6,15313893.0,14178389.0,1351.11,1331.73,111.9,111.3,4.03,3.84,10369696.0,19352742.0,1344.0,56.66568626602845,-27.539045754074422,8.566336714923462,-2.2146507666098825,0,0,11,12,3.795620437956204
2023-12-01,3156.0,618.0,1422.0,749,430,703,137.55,94.8,100.3,367599,114981,247219,100.4,96.1,18217171,1305.12,112.8,3.35,2870.0,2935.0,641.0,638.0,1370.0,1383.0,603.0,642.0,546.0,584.0,637.0,711.0,131.25,118.75,96.1,100.2,100.3,100.3,370386.0,341161.0,132722.0,117792.0,244814.0,224979.0,102.7,95.9,98.0,93.3,11096593.0,15313893.0,1308.01,1351.11,112.3,111.9,3.77,4.03,14178389.0,13812020.0,1391.6666666666667,27.061657993059065,64.16904720214573,-0.7524582462620111,9.96515679442509,0,0,12,1,0.21097046413502962
2024-01-01,3196.0,804.0,1425.0,771,455,746,136.59,98.9,99.5,358011,103355,243243,106.9,91.2,14382068,1325.67,113.2,3.27,3156.0,2870.0,618.0,641.0,1422.0,1370.0,749.0,603.0,430.0,546.0,703.0,637.0,137.55,131.25,94.8,96.1,100.3,100.3,367599.0,370386.0,114981.0,132722.0,247219.0,244814.0,100.4,102.7,96.1,98.0,18217171.0,11096593.0,1305.12,1308.01,112.8,112.3,3.35,3.77,15313893.0,12085117.0,1405.6666666666667,30.92463958291666,-21.05213262805734,-2.6082769539634176,1.2674271229404344,0,0,1,2,-14.73684210526316
2024-02-01,2945.0,823.0,1215.0,714,508,662,125.93,101.6,99.5,300499,99671,198733,106.6,101.8,15529487,1331.37,113.7,3.35,3196.0,3156.0,804.0,618.0,1425.0,1422.0,771.0,749.0,455.0,430.0,746.0,703.0,136.59,137.55,98.9,94.8,99.5,100.3,358011.0,367599.0,103355.0,114981.0,243243.0,247219.0,106.9,100.4,91.2,96.1,14382068.0,18217171.0,1325.67,1305.12,113.2,112.8,3.27,3.35,11096593.0,10369696.0,1354.0,120.38687636117136,7.978122478631033,-16.064310873129596,-7.8535669586983765,0,0,2,3,15.308641975308635
2024-03-01,3284.0,913.0,1401.0,785,500,792,110.19,98.3,99.5,365521,120806,246892,96.8,96.0,14639238,1331.63,113.9,3.31,2945.0,3196.0,823.0,804.0,1215.0,1425.0,714.0,771.0,508.0,455.0,662.0,746.0,125.93,136.59,101.6,98.9,99.5,99.5,300499.0,358011.0,99671.0,103355.0,198733.0,243243.0,106.6,106.9,101.8,91.2,15529487.0,14382068.0,1331.37,1325.67,113.7,113.2,3.35,3.27,18217171.0,14178389.0,1347.0,114.94346436400792,-5.7326362422660875,21.638008778731365,11.511035653650259,0,0,3,4,-3.5688793718772316
2024-04-01,3005.0,752.0,1351.0,723,517,709,112.23,97.4,99.4,394363,119545,270711,106.4,96.7,17912602,1369.25,114.5,3.44,3284.0,2945.0,913.0,823.0,1401.0,1215.0,785.0,714.0,500.0,508.0,792.0,662.0,110.19,125.93,98.3,101.6,99.5,99.5,365521.0,300499.0,120806.0,99671.0,246892.0,198733.0,96.8,106.6,96.0,101.8,14639238.0,15529487.0,1331.63,1331.37,113.9,113.7,3.31,3.35,14382068.0,15313893.0,1322.3333333333333,96.2566015052126,22.360207546321732,7.890654709305345,-8.495736906211937,0,0,4,5,-3.774981495188745
2024-05-01,2657.0,728.0,1300.0,690,530,683,119.24,92.1,99.4,372636,117128,255591,116.6,96.4,15973135,1365.05,114.8,3.43,3005.0,3284.0,752.0,913.0,1351.0,1401.0,723.0,785.0,517.0,500.0,709.0,792.0,112.23,110.19,97.4,98.3,99.4,99.5,394363.0,365521.0,119545.0,120806.0,270711.0,246892.0,106.4,96.8,96.7,96.0,17912602.0,14639238.0,1369.25,1331.63,114.5,113.9,3.44,3.31,15529487.0,11096593.0,1350.6666666666667,50.50082507576787,-10.827388449762909,-5.509391093992089,-11.58069883527454,0,0,5,6,-1.538461538461533
2024-06-01,2957.0,770.0,1280.0,742,567,701,108.1,93.9,99.4,353788,112498,252341,106.0,94.3,19364030,1379.95,115.2,3.26,2657.0,3005.0,728.0,752.0,1300.0,1351.0,690.0,723.0,530.0,517.0,683.0,709.0,119.24,112.23,92.1,97.4,99.4,99.4,372636.0,394363.0,117128.0,119545.0,255591.0,270711.0,116.6,106.4,96.4,96.7,15973135.0,17912602.0,1365.05,1369.25,114.8,114.5,3.43,3.44,14639238.0,18217171.0,1310.3333333333333,36.61056313870775,21.228738128113235,-5.058019085649268,11.290929619872037,0,0,6,7,3.671874999999991
2024-07-01,3027.0,727.0,1327.0,751,597,723,107.39,93.2,99.3,290612,110556,200112,103.8,93.2,16387224,1383.37,115.4,3.08,2957.0,2657.0,770.0,728.0,1280.0,1300.0,742.0,690.0,567.0,530.0,701.0,683.0,108.1,119.24,93.9,92.1,99.4,99.4,353788.0,372636.0,112498.0,117128.0,252341.0,255591.0,106.0,116.6,94.3,96.4,19364030.0,15973135.0,1379.95,1365.05,115.2,114.8,3.26,3.43,17912602.0,14382068.0,1302.3333333333333,23.586719427112058,-15.372864016426336,-17.857021719221677,2.3672641190395582,0,0,7,8,4.822908816880189
2024-08-01,3276.0,812.0,1391.0,790,608,778,100.91,97.3,99.0,299649,106092,189893,104.6,92.2,14258379,1352.87,115.6,2.92,3027.0,2957.0,727.0,770.0,1327.0,1280.0,751.0,742.0,597.0,567.0,723.0,701.0,107.39,108.1,93.2,93.9,99.3,99.4,290612.0,353788.0,110556.0,112498.0,200112.0,252341.0,103.8,106.0,93.2,94.3,16387224.0,19364030.0,1383.37,1379.95,115.4,115.2,3.08,3.26,15973135.0,15529487.0,1332.6666666666667,55.71654452075525,-12.990882409369641,3.109644474419504,8.225966303270571,0,0,8,9,-3.738317757009346
2024-09-01,2937.0,679.0,1339.0,722,614,719,96.24,95.5,99.0,307251,105948,205674,97.0,83.7,17120356,1332.76,115.9,2.87,3276.0,3027.0,812.0,727.0,1391.0,1327.0,790.0,751.0,608.0,597.0,778.0,723.0,100.91,107.39,97.3,93.2,99.0,99.3,299649.0,290612.0,106092.0,110556.0,189893.0,200112.0,104.6,103.8,92.2,93.2,14258379.0,16387224.0,1352.87,1383.37,115.6,115.4,2.92,3.08,19364030.0,14639238.0,1352.3333333333333,34.019602192461015,20.072246641781643,2.5369682528558313,-10.347985347985345,0,0,9,10,-3.286034353995515
2024-10-01,2939.0,712.0,1295.0,735,620,727,106.61,97.3,99.0,367584,124587,243483,101.9,84.6,15876341,1365.37,116.2,2.91,2937.0,3276.0,679.0,812.0,1339.0,1391.0,722.0,790.0,614.0,608.0,719.0,778.0,96.24,100.91,95.5,97.3,99.0,99.0,307251.0,299649.0,105948.0,106092.0,205674.0,189893.0,97.0,104.6,83.7,92.2,17120356.0,14258379.0,1332.76,1352.87,115.9,115.6,2.87,2.92,16387224.0,17912602.0,1341.6666666666667,48.05552344250661,-7.266291658888402,19.636388490192047,0.06809669731018264,0,0,10,11,8.725868725868736
2024-11-01,3040.0,719.0,1408.0,682,578,721,103.98,96.9,99.0,344423,124096,224672,93.4,91.1,18271585,1394.32,116.5,2.86,2939.0,2937.0,712.0,679.0,1295.0,1339.0,735.0,722.0,620.0,614.0,727.0,719.0,106.61,96.24,97.3,95.5,99.0,99.0,367584.0,307251.0,124587.0,105948.0,243483.0,205674.0,101.9,97.0,84.6,83.7,15876341.0,17120356.0,1365.37,1332.76,116.2,115.9,2.91,2.87,14258379.0,15973135.0,1347.3333333333333,56.95904961753934,15.086876755796563,-6.30087272568991,3.43654304185097,0,0,11,12,-5.042613636363635
2024-12-01,3031.0,641.0,1337.0,770,624,720,105.34,95.4,99.0,373143,119313,251701,109.8,92.1,15483411,1436.78,116.5,2.59,3040.0,2939.0,719.0,712.0,1408.0,1295.0,682.0,735.0,578.0,620.0,721.0,727.0,103.98,106.61,96.9,97.3,99.0,99.0,344423.0,367584.0,124096.0,124587.0,224672.0,243483.0,93.4,101.9,91.1,84.6,18271585.0,15876341.0,1394.32,1365.37,116.5,116.2,2.86,2.91,17120356.0,19364030.0,1346.6666666666667,57.11683931498057,-15.259617597488118,8.33858366020852,-0.2960526315789469,0,0,12,1,2.692595362752437
2025-01-01,3173.0,689.0,1373.0,797,684,734,103.78,94.0,99.1,290705,90849,199796,95.1,99.1,14690516,1455.5,116.5,2.57,3031.0,3040.0,641.0,719.0,1337.0,1408.0,770.0,682.0,624.0,578.0,720.0,721.0,105.34,103.98,95.4,96.9,99.0,99.0,373143.0,344423.0,119313.0,124096.0,251701.0,224672.0,109.8,93.4,92.1,91.1,15483411.0,18271585.0,1436.78,1394.32,116.5,116.5,2.59,2.86,15876341.0,16387224.0,1372.6666666666667,35.501173689517735,-5.120932332029426,-22.092870561688148,4.684922467832409,0,0,1,2,-5.462490895848504
2025-02-01,2705.0,796.0,1298.0,614,617,676,108.2,90.0,99.1,352045,112682,233082,98.7,101.4,14726030,1445.58,116.9,2.61,3173.0,3031.0,689.0,641.0,1373.0,1337.0,797.0,770.0,684.0,624.0,734.0,720.0,103.78,105.34,94.0,95.4,99.1,99.0,290705.0,373143.0,90849.0,119313.0,199796.0,251701.0,95.1,109.8,99.1,92.1,14690516.0,15483411.0,1455.5,1436.78,116.5,116.5,2.57,2.59,18271585.0,14258379.0,1336.0,37.50999866702177,0.24174780518260164,21.100428269207615,-14.7494484714781,0,0,2,3,12.018489984591675
2025-03-01,3088.0,789.0,1454.0,667,607,670,103.65,91.6,99.1,370486,124383,240821,94.3,99.1,17204492,1457.92,117.6,2.59,2705.0,3173.0,796.0,689.0,1298.0,1373.0,614.0,797.0,617.0,684.0,676.0,734.0,108.2,103.78,90.0,94.0,99.1,99.1,352045.0,290705.0,112682.0,90849.0,233082.0,199796.0,98.7,95.1,101.4,99.1,14726030.0,14690516.0,1445.58,1455.5,116.9,116.5,2.61,2.57,15483411.0,17120356.0,1375.0,78.01922839915795,16.830483164844836,5.238250791802179,14.158964879852132,0,0,3,4,-0.13755158184318717
2025-04-01,3090.0,658.0,1452.0,726,558,770,100.91,94.4,99.1,385676,129231,247193,91.5,89.9,15425522,1441.92,118.1,2.4,3088.0,2705.0,789.0,796.0,1454.0,1298.0,667.0,614.0,607.0,617.0,670.0,676.0,103.65,108.2,91.6,90.0,99.1,99.1,370486.0,352045.0,124383.0,112682.0,240821.0,233082.0,94.3,98.7,99.1,101.4,17204492.0,14726030.0,1457.92,1445.58,117.6,116.9,2.59,2.61,14690516.0,15876341.0,1401.3333333333333,89.49487881065212,-10.340148375203405,4.100019973764191,0.06476683937823857,0,0,4,5,-3.9944903581267233
2025-05-01,3105.0,667.0,1394.0,699,531,722,100.27,93.8,99.1,359212,113743,246469,86.7,88.6,17349218,1390.7,118.6,2.33,3090.0,3088.0,658.0,789.0,1452.0,1454.0,726.0,667.0,558.0,607.0,770.0,670.0,100.91,103.65,94.4,91.6,99.1,99.1,385676.0,370486.0,129231.0,124383.0,247193.0,240821.0,91.5,94.3,89.9,99.1,15425522.0,17204492.0,1441.92,1457.92,118.1,117.6,2.4,2.59,14726030.0,18271585.0,1433.3333333333333,34.078341117685206,12.470864843342099,-6.861718126095484,0.4854368932038833,0,0,5,6,-1.147776183644189
2025-06-01,3087.0,567.0,1378.0,699,465,686,96.17,94.6,99.1,353540,118294,244430,85.2,85.2,17847329,1365.15,119.1,2.44,3105.0,3090.0,667.0,658.0,1394.0,1452.0,699.0,726.0,531.0,558.0,722.0,770.0,100.27,100.91,93.8,94.4,99.1,99.1,359212.0,385676.0,113743.0,129231.0,246469.0,247193.0,86.7,91.5,88.6,89.9,17349218.0,15425522.0,1390.7,1441.92,118.6,118.1,2.33,2.4,17204492.0,15483411.0,1408.0,38.93584466786331,2.871086178062887,-1.5790118370210382,-0.5797101449275366,0,0,6,7,-0.5079825834542806
2025-07-01,3190.0,648.0,1371.0,752,576,707,101.22,93.8,99.1,316630,111531,212091,97.3,84.4,24157048,1376.92,120.1,2.47,3087.0,3105.0,567.0,667.0,1378.0,1394.0,699.0,699.0,465.0,531.0,686.0,722.0,96.17,100.27,94.6,93.8,99.1,99.1,353540.0,359212.0,118294.0,113743.0,244430.0,246469.0,85.2,86.7,85.2,88.6,17847329.0,17349218.0,1365.15,1390.7,119.1,118.6,2.44,2.33,15425522.0,14690516.0,1381.0,11.789826122550728,35.353856030781984,-10.440119929852354,3.3365727243278354,0,0,7,8,-6.272793581327496
2025-08-01,3021.0,627.0,1285.0,751,595,730,103.29,93.3,99.1,321030,111676,200253,87.1,83.7,22419136,1389.86,120.9,2.43,3190.0,3087.0,648.0,567.0,1371.0,1378.0,752.0,699.0,576.0,465.0,707.0,686.0,101.22,96.17,93.8,94.6,99.1,99.1,316630.0,353540.0,111531.0,118294.0,212091.0,244430.0,97.3,85.2,84.4,85.2,24157048.0,17847329.0,1376.92,1365.15,120.1,119.1,2.47,2.44,17349218.0,14726030.0,1344.6666666666667,51.79124765183125,-7.194223400143929,1.3896345892682405,-5.297805642633224,0,0,8,9,10.194552529182888
2025-09-01,3111.0,589.0,1416.0,751,591,751,106.41,94.9,99.1,334359,125300,228361,86.7,85.3,12642359,1392.38,121.2,2.46,3021.0,3190.0,627.0,648.0,1285.0,1371.0,751.0,752.0,595.0,576.0,730.0,707.0,103.29,101.22,93.3,93.8,99.1,99.1,321030.0,316630.0,111676.0,111531.0,200253.0,212091.0,87.1,97.3,83.7,84.4,22419136.0,24157048.0,1389.86,1376.92,120.9,120.1,2.43,2.47,17847329.0,17204492.0,1357.3333333333333,66.56074919450141,-43.60907128624404,4.151948416035878,2.9791459781529195,0,0,9,10,-14.477401129943502
2025-10-01,2967.0,652.0,1211.0,697,613,670,106.87,91.8,99.1,302720,103190,202904,75.7,75.2,12093912,1424.83,121.5,2.6,3111.0,3021.0,589.0,627.0,1416.0,1285.0,751.0,751.0,591.0,595.0,751.0,730.0,106.41,103.29,94.9,93.3,99.1,99.1,334359.0,321030.0,125300.0,111676.0,228361.0,200253.0,86.7,87.1,85.3,83.7,12642359.0,22419136.0,1392.38,1389.86,121.2,120.9,2.46,2.43,24157048.0,15425522.0,1304.0,103.81233067415444,-4.338169798848456,-9.462583630169963,-4.628736740597883,0,0,10,11,7.927332782824115
2025-11-01,2743.0,523.0,1307.0,570,533,647,106.23,89.0,99.0,354266,117068,236649,81.7,81.2,19355942,1460.44,122.2,2.88,2967.0,3111.0,652.0,589.0,1211.0,1416.0,697.0,751.0,613.0,591.0,670.0,751.0,106.87,106.41,91.8,94.9,99.1,99.1,302720.0,334359.0,103190.0,125300.0,202904.0,228361.0,75.7,86.7,75.2,85.3,12093912.0,12642359.0,1424.83,1392.38,121.5,121.2,2.6,2.46,22419136.0,17349218.0,1311.3333333333333,102.56867618007615,60.04698893129039,17.02761627906977,-7.5497135153353545,0,0,11,12,-3.136954858454477
2025-12-01,3033.0,701.0,1266.0,651,611,569,107.59,90.2,98.5,362814,116558,244878,80.4,73.1,17354093,1467.14,123.1,3.01,2743.0,2967.0,523.0,652.0,1307.0,1211.0,570.0,697.0,533.0,613.0,647.0,670.0,106.23,106.87,89.0,91.8,99.0,99.1,354266.0,302720.0,117068.0,103190.0,236649.0,202904.0,81.7,75.7,81.2,75.2,19355942.0,12093912.0,1460.44,1424.83,122.2,121.5,2.88,2.6,12642359.0,17847329.0,1261.3333333333333,48.16983841921535,-10.342296954599261,2.4128762003692072,10.572366022602985,0,0,12,1,15.086887835703
2026-01-01,3263.0,688.0,1457.0,770,647,729,107.45,94.0,98.4,360500,103554,246574,78.3,77.6,17416723,1456.28,124.2,3.04,3033.0,2743.0,701.0,523.0,1266.0,1307.0,651.0,570.0,611.0,533.0,569.0,647.0,107.59,106.23,90.2,89.0,98.5,99.0,362814.0,354266.0,116558.0,117068.0,244878.0,236649.0,80.4,81.7,73.1,81.2,17354093.0,19355942.0,1467.14,1460.44,123.1,122.2,3.01,2.88,12093912.0,24157048.0,1343.3333333333333,100.55015332327109,0.360894689224045,-0.6377923674389607,7.583250906693051,0,0,1,2,-10.363761153054218
2026-02-01,2814.0,673.0,1306.0,685,642,683,100.97,95.6,98.4,278250,96678,200597,67.9,71.9,19836565,1448.38,125.2,3.17,3263.0,3033.0,688.0,701.0,1457.0,1266.0,770.0,651.0,647.0,611.0,729.0,569.0,107.45,107.59,94.0,90.2,98.4,98.5,360500.0,362814.0,103554.0,116558.0,246574.0,244878.0,78.3,80.4,77.6,73.1,17416723.0,17354093.0,1456.28,1467.14,124.2,123.1,3.04,3.01,19355942.0,22419136.0,1343.0,100.73231854772327,13.893784726323076,-22.815533980582526,-13.760343242414951,0,0,2,3,4.517611026033697
