date,HR_prod,HR_demand,HR_inv,CR_prod,CR_demand,CR_inv,G_prod,G_demand,G_inv,auto_prod,auto_domestic_ship,auto_export_ship,construction_order_amt,appliance_prod_idx,appliance_ship_idx,usdkrw_avg,leading_idx,gov_bond_3y_avg,iron_ore_price,steel_capacity_idx,steel_operating_rate,month,HR_prod_lag1,HR_prod_lag2,HR_prod_diff,HR_demand_lag1,HR_demand_lag2,HR_demand_diff,HR_inv_lag1,HR_inv_lag2,HR_inv_diff,CR_prod_lag1,CR_prod_lag2,CR_prod_diff,CR_demand_lag1,CR_demand_lag2,CR_demand_diff,CR_inv_lag1,CR_inv_lag2,CR_inv_diff,G_prod_lag1,G_prod_lag2,G_prod_diff,G_demand_lag1,G_demand_lag2,G_demand_diff,G_inv_lag1,G_inv_lag2,G_inv_diff,auto_prod_lag1,auto_prod_lag2,auto_prod_diff,auto_domestic_ship_lag1,auto_domestic_ship_lag2,auto_domestic_ship_diff,auto_export_ship_lag1,auto_export_ship_lag2,auto_export_ship_diff,construction_order_amt_lag1,construction_order_amt_lag2,construction_order_amt_diff,appliance_prod_idx_lag1,appliance_prod_idx_lag2,appliance_prod_idx_diff,appliance_ship_idx_lag1,appliance_ship_idx_lag2,appliance_ship_idx_diff,usdkrw_avg_lag1,usdkrw_avg_lag2,usdkrw_avg_diff,leading_idx_lag1,leading_idx_lag2,leading_idx_diff,gov_bond_3y_avg_lag1,gov_bond_3y_avg_lag2,gov_bond_3y_avg_diff,iron_ore_price_lag1,iron_ore_price_lag2,iron_ore_price_diff,steel_capacity_idx_lag1,steel_capacity_idx_lag2,steel_capacity_idx_diff,steel_operating_rate_lag1,steel_operating_rate_lag2,steel_operating_rate_diff,month_lag1,month_lag2,month_diff,HR_demand_ma3,CR_demand_ma3,G_demand_ma3,HR_prod_ma3,CR_prod_ma3,G_prod_ma3,construction_order_amt_diff_shock90,G_inv_diff_shock90,usdkrw_avg_diff_shock90,CR_inv_diff_shock90,gov_bond_3y_avg_diff_shock90,leading_idx_diff_shock90,steel_operating_rate_diff_shock90,steel_capacity_idx_diff_shock90,appliance_ship_idx_diff_shock90,G_prod_diff_shock90,CR_prod_diff_shock90,CR_demand_diff_shock90,appliance_prod_idx_diff_shock90,G_demand_diff_shock90,month_diff_shock90,iron_ore_price_diff_shock90,auto_export_ship_diff_shock90,auto_domestic_ship_diff_shock90,auto_prod_diff_shock90,is_month_1,is_month_12
2017-01-01,,,,764,753,220,878,854,348,298042,106910,178371,10981035,91.32,87.842,1182.24,90.1,1.64,80.82,101.106,113.167,1,,,,,,,,,,,,,,,,,,,,,,,,,,,,,,,,,,,,,,,,,,,,,,,,,,,,,,,,,,,,,,,,,,,,,,,,,0,0,0,0,0,0,0,0,0,0,0,0,0,0,0,0,0,0,0,1,0
2017-02-01,,,,737,744,218,819,820,344,336032,120621,200236,14722222,91.141,89.086,1143.36,90.5,1.67,88.95,101.106,111.061,2,,,,,,,,,,764.0,,-27.0,753.0,,-9.0,220.0,,-2.0,878.0,,-59.0,854.0,,-34.0,348.0,,-4.0,298042.0,,37990.0,106910.0,,13711.0,178371.0,,21865.0,10981035.0,,3741187.0,91.32,,-0.17899999999998784,87.842,,1.2439999999999998,1182.24,,-38.88000000000011,90.1,,0.4000000000000057,1.64,,0.030000000000000027,80.82,,8.13000000000001,101.106,,0.0,113.167,,-2.1059999999999945,1.0,,1.0,,,,,,,0,0,1,0,0,0,0,0,0,0,0,0,0,0,0,0,0,0,0,0,0
2017-03-01,,,,759,752,221,839,860,320,406897,146920,249565,8422517,90.371,84.285,1133.95,90.9,1.71,87.2,101.206,110.361,3,,,,,,,,,,737.0,764.0,22.0,744.0,753.0,8.0,218.0,220.0,3.0,819.0,878.0,20.0,820.0,854.0,40.0,344.0,348.0,-24.0,336032.0,298042.0,70865.0,120621.0,106910.0,26299.0,200236.0,178371.0,49329.0,14722222.0,10981035.0,-6299705.0,91.141,91.32,-0.7700000000000102,89.086,87.842,-4.801000000000002,1143.36,1182.24,-9.409999999999854,90.5,90.1,0.4000000000000057,1.67,1.64,0.040000000000000036,88.95,80.82,-1.75,101.106,101.106,0.10000000000000853,111.061,113.167,-0.7000000000000028,2.0,1.0,1.0,,749.6666666666666,844.6666666666666,,753.3333333333334,845.3333333333334,0,0,0,0,0,0,0,0,0,0,0,0,0,0,0,0,0,0,0,0,0
2017-04-01,,,,750,762,207,805,806,317,382566,133527,239393,16246983,89.81,84.641,1133.57,91.3,1.68,70.4,101.206,110.933,4,,,,,,,,,,759.0,737.0,-9.0,752.0,744.0,10.0,221.0,218.0,-14.0,839.0,819.0,-34.0,860.0,820.0,-54.0,320.0,344.0,-3.0,406897.0,336032.0,-24331.0,146920.0,120621.0,-13393.0,249565.0,200236.0,-10172.0,8422517.0,14722222.0,7824466.0,90.371,91.141,-0.5609999999999928,84.285,89.086,0.35600000000000875,1133.95,1143.36,-0.38000000000010914,90.9,90.5,0.3999999999999915,1.71,1.67,-0.030000000000000027,87.2,88.95,-16.799999999999997,101.206,101.106,0.0,110.361,111.061,0.5720000000000027,3.0,2.0,1.0,,752.6666666666666,828.6666666666666,,748.6666666666666,821.0,1,0,0,0,0,0,0,0,0,0,0,0,0,0,0,1,0,0,0,0,0
2017-05-01,,,,707,713,198,871,857,327,356204,136355,216670,12810824,90.484,84.285,1124.65,91.7,1.7,61.63,101.206,111.202,5,,,,,,,,,,750.0,759.0,-43.0,762.0,752.0,-49.0,207.0,221.0,-9.0,805.0,839.0,66.0,806.0,860.0,51.0,317.0,320.0,10.0,382566.0,406897.0,-26362.0,133527.0,146920.0,2828.0,239393.0,249565.0,-22723.0,16246983.0,8422517.0,-3436159.0,89.81,90.371,0.6739999999999924,84.641,84.285,-0.35600000000000875,1133.57,1133.95,-8.919999999999845,91.3,90.9,0.4000000000000057,1.68,1.71,0.020000000000000018,70.4,87.2,-8.770000000000003,101.206,101.206,0.0,110.933,110.361,0.26899999999999125,4.0,3.0,1.0,,742.3333333333334,841.0,,738.6666666666666,838.3333333333334,0,0,0,0,0,0,0,0,0,0,0,0,0,0,0,0,0,0,0,0,0
2017-06-01,,,,700,674,221,883,856,352,382807,140964,237155,10974531,88.822,85.441,1131.62,92.1,1.67,57.86,101.106,111.454,6,,,,,,,,,,707.0,750.0,-7.0,713.0,762.0,-39.0,198.0,207.0,23.0,871.0,805.0,12.0,857.0,806.0,-1.0,327.0,317.0,25.0,356204.0,382566.0,26603.0,136355.0,133527.0,4609.0,216670.0,239393.0,20485.0,12810824.0,16246983.0,-1836293.0,90.484,89.81,-1.661999999999992,84.285,84.641,1.156000000000006,1124.65,1133.57,6.9699999999998,91.7,91.3,0.3999999999999915,1.7,1.68,-0.030000000000000027,61.63,70.4,-3.770000000000003,101.206,101.206,-0.10000000000000853,111.202,110.933,0.25199999999999534,5.0,4.0,1.0,,716.3333333333334,839.6666666666666,,719.0,853.0,0,0,0,0,0,0,0,0,0,0,0,0,0,0,0,0,0,0,0,0,0
2017-07-01,,,,721,704,237,910,896,362,371423,131512,224644,9898773,84.279,87.486,1133.13,92.4,1.74,66.74,101.106,110.653,7,,,,,,,,,,700.0,707.0,21.0,674.0,713.0,30.0,221.0,198.0,16.0,883.0,871.0,27.0,856.0,857.0,40.0,352.0,327.0,10.0,382807.0,356204.0,-11384.0,140964.0,136355.0,-9452.0,237155.0,216670.0,-12511.0,10974531.0,12810824.0,-1075758.0,88.822,90.484,-4.543000000000006,85.441,84.285,2.0450000000000017,1131.62,1124.65,1.5100000000002183,92.1,91.7,0.30000000000001137,1.67,1.7,0.07000000000000006,57.86,61.63,8.879999999999995,101.106,101.206,0.0,111.454,111.202,-0.8009999999999877,6.0,5.0,1.0,,697.0,869.6666666666666,,709.3333333333334,888.0,0,0,0,0,0,0,0,0,0,0,0,0,0,0,0,0,0,0,0,0,0
2017-08-01,,,,699,700,233,911,845,425,274168,121560,171231,13607659,94.379,89.709,1131.4,92.8,1.78,74.59,101.106,112.872,8,,,,,,,,,,721.0,700.0,-22.0,704.0,674.0,-4.0,237.0,221.0,-4.0,910.0,883.0,1.0,896.0,856.0,-51.0,362.0,352.0,63.0,371423.0,382807.0,-97255.0,131512.0,140964.0,-9952.0,224644.0,237155.0,-53413.0,9898773.0,10974531.0,3708886.0,84.279,88.822,10.100000000000009,87.486,85.441,2.222999999999999,1133.13,1131.62,-1.7300000000000182,92.4,92.1,0.3999999999999915,1.74,1.67,0.040000000000000036,66.74,57.86,7.8500000000000085,101.106,101.106,0.0,110.653,111.454,2.218999999999994,7.0,6.0,1.0,,692.6666666666666,865.6666666666666,,706.6666666666666,901.3333333333334,0,0,0,0,0,0,0,0,0,0,0,0,0,0,0,0,0,0,1,0,0
2017-09-01,,,,698,691,239,811,854,377,356749,134284,225363,10781612,92.925,86.775,1132.93,92.9,1.79,69.24,101.106,112.331,9,,,,,,,,,,699.0,721.0,-1.0,700.0,704.0,-9.0,233.0,237.0,6.0,911.0,910.0,-100.0,845.0,896.0,9.0,425.0,362.0,-48.0,274168.0,371423.0,82581.0,121560.0,131512.0,12724.0,171231.0,224644.0,54132.0,13607659.0,9898773.0,-2826047.0,94.379,84.279,-1.4540000000000077,89.709,87.486,-2.9339999999999975,1131.4,1133.13,1.5299999999999727,92.8,92.4,0.10000000000000853,1.78,1.74,0.010000000000000009,74.59,66.74,-5.3500000000000085,101.106,101.106,0.0,112.872,110.653,-0.5409999999999968,8.0,7.0,1.0,,698.3333333333334,865.0,,706.0,877.3333333333334,0,0,0,0,0,0,0,0,0,0,0,0,0,0,0,0,0,0,0,0,0
2017-10-01,,,,621,627,231,926,844,454,280680,113378,174011,12718684,95.013,85.886,1129.48,93.2,2.03,61.05,101.106,114.672,10,,,,,,,,,,698.0,699.0,-77.0,691.0,700.0,-64.0,239.0,233.0,-8.0,811.0,911.0,115.0,854.0,845.0,-10.0,377.0,425.0,77.0,356749.0,274168.0,-76069.0,134284.0,121560.0,-20906.0,225363.0,171231.0,-51352.0,10781612.0,13607659.0,1937072.0,92.925,94.379,2.088000000000008,86.775,89.709,-0.88900000000001,1132.93,1131.4,-3.4500000000000455,92.9,92.8,0.29999999999999716,1.79,1.78,0.23999999999999977,69.24,74.59,-8.189999999999998,101.106,101.106,0.0,112.331,112.872,2.340999999999994,9.0,8.0,1.0,,672.6666666666666,847.6666666666666,,672.6666666666666,882.6666666666666,0,0,0,0,0,0,0,0,0,0,0,0,0,0,0,0,0,0,0,0,0
2017-11-01,,,,592,604,217,791,845,396,382034,141073,234619,10372517,90.531,90.153,1102.82,93.4,2.15,63.41,101.106,109.846,11,,,,,,,,,,621.0,698.0,-29.0,627.0,691.0,-23.0,231.0,239.0,-14.0,926.0,811.0,-135.0,844.0,854.0,1.0,454.0,377.0,-58.0,280680.0,356749.0,101354.0,113378.0,134284.0,27695.0,174011.0,225363.0,60608.0,12718684.0,10781612.0,-2346167.0,95.013,92.925,-4.481999999999999,85.886,86.775,4.26700000000001,1129.48,1132.93,-26.660000000000082,93.2,92.9,0.20000000000000284,2.03,1.79,0.1200000000000001,61.05,69.24,2.3599999999999994,101.106,101.106,0.0,114.672,112.331,-4.825999999999993,10.0,9.0,1.0,,640.6666666666666,847.6666666666666,,637.0,842.6666666666666,0,0,0,0,0,0,1,0,0,1,0,0,0,0,0,0,1,0,1,0,0
2017-12-01,,,,627,597,243,842,787,446,287311,133098,178936,12849288,87.858,88.909,1085.95,93.5,2.1,71.74,101.106,110.646,12,,,,,,,,,,592.0,621.0,35.0,604.0,627.0,-7.0,217.0,231.0,26.0,791.0,926.0,51.0,845.0,844.0,-58.0,396.0,454.0,50.0,382034.0,280680.0,-94723.0,141073.0,113378.0,-7975.0,234619.0,174011.0,-55683.0,10372517.0,12718684.0,2476771.0,90.531,95.013,-2.673000000000002,90.153,85.886,-1.2439999999999998,1102.82,1129.48,-16.86999999999989,93.4,93.2,0.09999999999999432,2.15,2.03,-0.04999999999999982,63.41,61.05,8.329999999999998,101.106,101.106,0.0,109.846,114.672,0.7999999999999972,11.0,10.0,1.0,,609.3333333333334,825.3333333333334,,613.3333333333334,853.0,0,0,0,0,0,0,0,0,0,0,0,0,0,0,0,0,1,0,1,0,1
2018-01-01,,,,705,706,234,868,856,454,322408,113064,189638,15159024,91.093,90.064,1066.54,93.7,2.19,75.78,100.603,110.727,1,,,,,,,,,,627.0,592.0,78.0,597.0,604.0,109.0,243.0,217.0,-9.0,842.0,791.0,26.0,787.0,845.0,69.0,446.0,396.0,8.0,287311.0,382034.0,35097.0,133098.0,141073.0,-20034.0,178936.0,234619.0,10702.0,12849288.0,10372517.0,2309736.0,87.858,90.531,3.2349999999999994,88.909,90.153,1.154999999999987,1085.95,1102.82,-19.410000000000082,93.5,93.4,0.20000000000000284,2.1,2.15,0.08999999999999986,71.74,63.41,4.040000000000006,101.106,101.106,-0.5030000000000001,110.646,109.846,0.08100000000000307,12.0,11.0,-11.0,,635.6666666666666,829.3333333333334,,641.3333333333334,833.6666666666666,0,0,0,0,0,0,0,1,0,0,0,1,0,0,1,0,0,0,0,1,0
2018-02-01,,,,675,663,245,809,802,455,276938,106035,163094,12926860,95.553,96.555,1080.7,94.0,2.28,77.65,100.603,109.786,2,,,,,,,,,,705.0,627.0,-30.0,706.0,597.0,-43.0,234.0,243.0,11.0,868.0,842.0,-59.0,856.0,787.0,-54.0,454.0,446.0,1.0,322408.0,287311.0,-45470.0,113064.0,133098.0,-7029.0,189638.0,178936.0,-26544.0,15159024.0,12849288.0,-2232164.0,91.093,87.858,4.459999999999994,90.064,88.909,6.491000000000014,1066.54,1085.95,14.160000000000082,93.7,93.5,0.29999999999999716,2.19,2.1,0.08999999999999986,75.78,71.74,1.8700000000000045,100.603,101.106,0.0,110.727,110.646,-0.9410000000000025,1.0,12.0,1.0,,655.3333333333334,815.0,,669.0,839.6666666666666,0,0,0,0,0,0,0,0,0,0,0,0,0,0,0,0,0,0,0,0,0
2018-03-01,,,,712,710,243,828,874,404,363464,140079,221120,12265129,89.472,93.354,1071.21,94.2,2.27,71.32,101.005,106.879,3,,,,,,,,,,675.0,705.0,37.0,663.0,706.0,47.0,245.0,234.0,-2.0,809.0,868.0,19.0,802.0,856.0,72.0,455.0,454.0,-51.0,276938.0,322408.0,86526.0,106035.0,113064.0,34044.0,163094.0,189638.0,58026.0,12926860.0,15159024.0,-661731.0,95.553,91.093,-6.081000000000003,96.555,90.064,-3.2010000000000076,1080.7,1066.54,-9.490000000000009,94.0,93.7,0.20000000000000284,2.28,2.19,-0.009999999999999787,77.65,75.78,-6.3300000000000125,100.603,100.603,0.402000000000001,109.786,110.727,-2.9069999999999965,2.0,1.0,1.0,,693.0,844.0,,697.3333333333334,835.0,0,0,0,0,0,0,0,1,0,0,0,0,0,0,0,0,1,1,0,0,0
2018-04-01,,,,732,728,244,810,806,402,354156,134819,216627,10237383,93.677,95.755,1068.05,94.3,2.19,66.33,101.005,109.132,4,,,,,,,,,,712.0,675.0,20.0,710.0,663.0,18.0,243.0,245.0,1.0,828.0,809.0,-18.0,874.0,802.0,-68.0,404.0,455.0,-2.0,363464.0,276938.0,-9308.0,140079.0,106035.0,-5260.0,221120.0,163094.0,-4493.0,12265129.0,12926860.0,-2027746.0,89.472,95.553,4.2050000000000125,93.354,96.555,2.4009999999999962,1071.21,1080.7,-3.160000000000082,94.2,94.0,0.09999999999999432,2.27,2.28,-0.08000000000000007,71.32,77.65,-4.989999999999995,101.005,100.603,0.0,106.879,109.786,2.253,3.0,2.0,1.0,,700.3333333333334,827.3333333333334,,706.3333333333334,815.6666666666666,0,0,0,0,0,0,0,0,0,0,0,0,0,0,0,0,0,0,0,0,0
2018-05-01,,,,749,759,232,796,823,370,351595,134301,213175,15163956,98.426,93.087,1077.05,94.6,2.25,66.63,101.005,110.125,5,,,,,,,,,,732.0,712.0,17.0,728.0,710.0,31.0,244.0,243.0,-12.0,810.0,828.0,-14.0,806.0,874.0,17.0,402.0,404.0,-32.0,354156.0,363464.0,-2561.0,134819.0,140079.0,-518.0,216627.0,221120.0,-3452.0,10237383.0,12265129.0,4926573.0,93.677,89.472,4.748999999999995,95.755,93.354,-2.667999999999992,1068.05,1071.21,9.0,94.3,94.2,0.29999999999999716,2.19,2.27,0.06000000000000005,66.33,71.32,0.29999999999999716,101.005,101.005,0.0,109.132,106.879,0.992999999999995,4.0,3.0,1.0,,732.3333333333334,834.3333333333334,,731.0,811.3333333333334,0,0,0,0,0,0,0,0,0,0,0,0,0,0,0,0,0,0,0,0,0
2018-06-01,,,,680,717,193,810,792,383,336183,132413,211890,10293830,96.773,94.777,1095.96,94.7,2.18,66.86,100.503,109.478,6,,,,,,,,,,749.0,732.0,-69.0,759.0,728.0,-42.0,232.0,244.0,-39.0,796.0,810.0,14.0,823.0,806.0,-31.0,370.0,402.0,13.0,351595.0,354156.0,-15412.0,134301.0,134819.0,-1888.0,213175.0,216627.0,-1285.0,15163956.0,10237383.0,-4870126.0,98.426,93.677,-1.6530000000000058,93.087,95.755,1.6899999999999977,1077.05,1068.05,18.910000000000082,94.6,94.3,0.10000000000000853,2.25,2.19,-0.06999999999999984,66.63,66.33,0.23000000000000398,101.005,101.005,-0.5019999999999953,110.125,109.132,-0.6470000000000056,5.0,4.0,1.0,,734.6666666666666,807.0,,720.3333333333334,805.3333333333334,0,0,0,0,0,0,0,1,0,0,0,0,0,0,0,0,0,0,0,0,0
2018-07-01,,,,768,728,232,860,839,399,306376,134355,193439,12237631,93.402,95.843,1123.05,94.9,2.1,67.05,100.503,108.678,7,,,,,,,,,,680.0,749.0,88.0,717.0,759.0,11.0,193.0,232.0,39.0,810.0,796.0,50.0,792.0,823.0,47.0,383.0,370.0,16.0,336183.0,351595.0,-29807.0,132413.0,134301.0,1942.0,211890.0,213175.0,-18451.0,10293830.0,15163956.0,1943801.0,96.773,98.426,-3.370999999999995,94.777,93.087,1.0660000000000025,1095.96,1077.05,27.089999999999918,94.7,94.6,0.20000000000000284,2.18,2.25,-0.08000000000000007,66.86,66.63,0.18999999999999773,100.503,101.005,0.0,109.478,110.125,-0.7999999999999972,6.0,5.0,1.0,,734.6666666666666,818.0,,732.3333333333334,822.0,0,0,0,0,0,0,0,0,0,0,0,0,0,0,0,0,0,0,0,0,0
2018-08-01,,,,775,736,269,864,851,417,296465,126880,169976,9747204,93.67,86.064,1120.96,94.8,2.02,68.02,100.503,108.404,8,,,,,,,,,,768.0,680.0,7.0,728.0,717.0,8.0,232.0,193.0,37.0,860.0,810.0,4.0,839.0,792.0,12.0,399.0,383.0,18.0,306376.0,336183.0,-9911.0,134355.0,132413.0,-7475.0,193439.0,211890.0,-23463.0,12237631.0,10293830.0,-2490427.0,93.402,96.773,0.2680000000000007,95.843,94.777,-9.77900000000001,1123.05,1095.96,-2.089999999999918,94.9,94.7,-0.10000000000000853,2.1,2.18,-0.08000000000000007,67.05,66.86,0.9699999999999989,100.503,100.503,0.0,108.678,109.478,-0.2740000000000009,7.0,6.0,1.0,,727.0,827.3333333333334,,741.0,844.6666666666666,0,0,0,0,0,0,0,0,0,0,0,0,0,0,0,0,0,0,0,0,0
2018-09-01,,,,700,736,230,788,825,374,291971,110537,180051,12112464,88.328,92.998,1120.19,94.9,1.95,68.8,100.402,107.038,9,,,,,,,,,,775.0,768.0,-75.0,736.0,728.0,0.0,269.0,232.0,-39.0,864.0,860.0,-76.0,851.0,839.0,-26.0,417.0,399.0,-43.0,296465.0,306376.0,-4494.0,126880.0,134355.0,-16343.0,169976.0,193439.0,10075.0,9747204.0,12237631.0,2365260.0,93.67,93.402,-5.341999999999999,86.064,95.843,6.934000000000012,1120.96,1123.05,-0.7699999999999818,94.8,94.9,0.10000000000000853,2.02,2.1,-0.07000000000000006,68.02,67.05,0.7800000000000011,100.503,100.503,-0.10099999999999909,108.404,108.678,-1.3659999999999997,8.0,7.0,1.0,,733.3333333333334,838.3333333333334,,747.6666666666666,837.3333333333334,0,0,0,0,0,0,0,0,0,0,0,0,0,0,0,0,0,0,0,0,0
2018-10-01,,,,717,725,221,821,815,376,381655,140068,232366,10500906,89.99,89.798,1132.78,94.9,2.01,72.02,100.402,109.602,10,,,,,,,,,,700.0,775.0,17.0,736.0,736.0,-11.0,230.0,269.0,-9.0,788.0,864.0,33.0,825.0,851.0,-10.0,374.0,417.0,2.0,291971.0,296465.0,89684.0,110537.0,126880.0,29531.0,180051.0,169976.0,52315.0,12112464.0,9747204.0,-1611558.0,88.328,93.67,1.661999999999992,92.998,86.064,-3.200000000000003,1120.19,1120.96,12.589999999999918,94.9,94.8,0.0,1.95,2.02,0.05999999999999983,68.8,68.02,3.219999999999999,100.402,100.503,0.0,107.038,108.404,2.564000000000007,9.0,8.0,1.0,,732.3333333333334,830.3333333333334,,730.6666666666666,824.3333333333334,0,0,0,0,0,0,0,0,0,0,0,0,0,0,0,0,0,0,1,0,0
2018-11-01,,,,668,668,219,812,797,401,390573,140381,237952,10796419,96.361,86.508,1127.55,94.9,1.94,72.3,100.402,109.282,11,,,,,,,,,,717.0,700.0,-49.0,725.0,736.0,-57.0,221.0,230.0,-2.0,821.0,788.0,-9.0,815.0,825.0,-18.0,376.0,374.0,25.0,381655.0,291971.0,8918.0,140068.0,110537.0,313.0,232366.0,180051.0,5586.0,10500906.0,12112464.0,295513.0,89.99,88.328,6.371000000000009,89.798,92.998,-3.2900000000000063,1132.78,1120.19,-5.230000000000018,94.9,94.9,0.0,2.01,1.95,-0.06999999999999984,72.02,68.8,0.28000000000000114,100.402,100.402,0.0,109.602,107.038,-0.3200000000000074,10.0,9.0,1.0,,709.6666666666666,812.3333333333334,,695.0,807.0,0,0,0,0,0,0,0,0,0,0,0,0,0,0,0,0,0,0,0,0,0
2018-12-01,,,,703,623,296,816,765,446,356932,139414,220333,13295945,96.131,93.976,1122.65,94.9,1.83,68.9,100.402,105.145,12,,,,,,,,,,668.0,717.0,35.0,668.0,725.0,-45.0,219.0,221.0,77.0,812.0,821.0,4.0,797.0,815.0,-32.0,401.0,376.0,45.0,390573.0,381655.0,-33641.0,140381.0,140068.0,-967.0,237952.0,232366.0,-17619.0,10796419.0,10500906.0,2499526.0,96.361,89.99,-0.23000000000000398,86.508,89.798,7.4680000000000035,1127.55,1132.78,-4.899999999999864,94.9,94.9,0.0,1.94,2.01,-0.10999999999999988,72.3,72.02,-3.3999999999999915,100.402,100.402,0.0,109.282,109.602,-4.1370000000000005,11.0,10.0,1.0,,672.0,792.3333333333334,,696.0,816.3333333333334,0,0,0,1,0,0,0,0,0,0,0,0,0,0,0,0,0,0,0,0,1
2019-01-01,,,,759,758,295,878,855,447,354305,117959,209906,11002383,95.667,96.821,1121.72,95.0,1.81,75.2,100.603,107.836,1,,,,,,,,,,703.0,668.0,56.0,623.0,668.0,135.0,296.0,219.0,-1.0,816.0,812.0,62.0,765.0,797.0,90.0,446.0,401.0,1.0,356932.0,390573.0,-2627.0,139414.0,140381.0,-21455.0,220333.0,237952.0,-10427.0,13295945.0,10796419.0,-2293562.0,96.131,96.361,-0.46399999999999864,93.976,86.508,2.844999999999999,1122.65,1127.55,-0.9300000000000637,94.9,94.9,0.09999999999999432,1.83,1.94,-0.020000000000000018,68.9,72.3,6.299999999999997,100.402,100.402,0.2009999999999934,105.145,109.282,2.6910000000000025,12.0,11.0,-11.0,,683.0,805.6666666666666,,710.0,835.3333333333334,0,0,0,0,0,0,0,1,0,0,0,1,0,0,1,0,0,0,0,1,0
2019-02-01,,,,675,687,281,751,782,410,257276,104732,164048,10719920,94.037,100.2,1123.66,95.2,1.8,87.59,100.603,106.431,2,,,,,,,,,,759.0,703.0,-84.0,758.0,623.0,-71.0,295.0,296.0,-14.0,878.0,816.0,-127.0,855.0,765.0,-73.0,447.0,446.0,-37.0,354305.0,356932.0,-97029.0,117959.0,139414.0,-13227.0,209906.0,220333.0,-45858.0,11002383.0,13295945.0,-282463.0,95.667,96.131,-1.6299999999999955,96.821,93.976,3.379000000000005,1121.72,1122.65,1.9400000000000546,95.0,94.9,0.20000000000000284,1.81,1.83,-0.010000000000000009,75.2,68.9,12.39,100.603,100.402,0.0,107.836,105.145,-1.4050000000000011,1.0,12.0,1.0,,689.3333333333334,800.6666666666666,,712.3333333333334,815.0,0,0,0,0,0,0,0,0,0,1,0,0,0,0,0,0,0,0,1,0,0
2019-03-01,,,,694,707,266,786,774,418,345821,138849,208121,17611869,95.006,103.49,1131.88,95.6,1.79,87.07,100.603,107.53,3,,,,,,,,,,675.0,759.0,19.0,687.0,758.0,20.0,281.0,295.0,-15.0,751.0,878.0,35.0,782.0,855.0,-8.0,410.0,447.0,8.0,257276.0,354305.0,88545.0,104732.0,117959.0,34117.0,164048.0,209906.0,44073.0,10719920.0,11002383.0,6891949.0,94.037,95.667,0.9689999999999941,100.2,96.821,3.289999999999992,1123.66,1121.72,8.220000000000027,95.2,95.0,0.3999999999999915,1.8,1.81,-0.010000000000000009,87.59,75.2,-0.5200000000000102,100.603,100.603,0.0,106.431,107.836,1.0990000000000038,2.0,1.0,1.0,,717.3333333333334,803.6666666666666,,709.3333333333334,805.0,1,0,0,0,0,0,0,0,0,0,0,0,0,0,0,0,0,1,1,0,0
2019-04-01,,,,625,654,234,808,797,419,371931,136809,222395,13537646,89.269,90.954,1142.79,95.8,1.74,94.5,100.704,108.047,4,,,,,,,,,,694.0,675.0,-69.0,707.0,687.0,-53.0,266.0,281.0,-32.0,786.0,751.0,22.0,774.0,782.0,23.0,418.0,410.0,1.0,345821.0,257276.0,26110.0,138849.0,104732.0,-2040.0,208121.0,164048.0,14274.0,17611869.0,10719920.0,-4074223.0,95.006,94.037,-5.736999999999995,103.49,100.2,-12.536000000000001,1131.88,1123.66,10.909999999999854,95.6,95.2,0.20000000000000284,1.79,1.8,-0.050000000000000044,87.07,87.59,7.430000000000007,100.603,100.603,0.10099999999999909,107.53,106.431,0.5169999999999959,3.0,2.0,1.0,,682.6666666666666,784.3333333333334,,664.6666666666666,781.6666666666666,0,0,0,0,0,0,0,0,1,0,0,0,0,0,0,0,0,0,0,0,0
2019-05-01,,,,671,663,240,864,849,428,366152,134272,225191,10123356,83.299,93.799,1184.93,95.9,1.68,101.76,100.704,106.617,5,,,,,,,,,,625.0,694.0,46.0,654.0,707.0,9.0,234.0,266.0,6.0,808.0,786.0,56.0,797.0,774.0,52.0,419.0,418.0,9.0,371931.0,345821.0,-5779.0,136809.0,138849.0,-2537.0,222395.0,208121.0,2796.0,13537646.0,17611869.0,-3414290.0,89.269,95.006,-5.969999999999999,90.954,103.49,2.845000000000013,1142.79,1131.88,42.1400000000001,95.8,95.6,0.10000000000000853,1.74,1.79,-0.06000000000000005,94.5,87.07,7.260000000000005,100.704,100.603,0.0,108.047,107.53,-1.4299999999999926,4.0,3.0,1.0,,674.6666666666666,806.6666666666666,,663.3333333333334,819.3333333333334,0,0,1,0,0,0,0,0,0,0,0,0,0,0,0,0,0,0,0,0,0
2019-06-01,,,,687,689,237,809,808,419,332847,125445,211622,10054461,93.2,92.554,1173.58,95.9,1.5,109.55,100.704,106.496,6,,,,,,,,,,671.0,625.0,16.0,663.0,654.0,26.0,240.0,234.0,-3.0,864.0,808.0,-55.0,849.0,797.0,-41.0,428.0,419.0,-9.0,366152.0,371931.0,-33305.0,134272.0,136809.0,-8827.0,225191.0,222395.0,-13569.0,10123356.0,13537646.0,-68895.0,83.299,89.269,9.900999999999996,93.799,90.954,-1.2450000000000045,1184.93,1142.79,-11.350000000000136,95.9,95.8,0.0,1.68,1.74,-0.17999999999999994,101.76,94.5,7.789999999999992,100.704,100.704,0.0,106.617,108.047,-0.12100000000000932,5.0,4.0,1.0,,668.6666666666666,818.0,,661.0,827.0,0,0,0,0,0,0,0,0,0,0,0,0,0,0,0,0,0,0,0,0,0
2019-07-01,,,,742,728,249,865,857,419,359551,131638,205308,9004768,83.774,88.108,1177.09,95.9,1.38,119.59,100.704,107.452,7,,,,,,,,,,687.0,671.0,55.0,689.0,663.0,39.0,237.0,240.0,12.0,809.0,864.0,56.0,808.0,849.0,49.0,419.0,428.0,0.0,332847.0,366152.0,26704.0,125445.0,134272.0,6193.0,211622.0,225191.0,-6314.0,10054461.0,10123356.0,-1049693.0,93.2,83.299,-9.426000000000002,92.554,93.799,-4.445999999999998,1173.58,1184.93,3.509999999999991,95.9,95.9,0.0,1.5,1.68,-0.1200000000000001,109.55,101.76,10.040000000000006,100.704,100.704,0.0,106.496,106.617,0.9560000000000031,6.0,5.0,1.0,,693.3333333333334,838.0,,700.0,846.0,0,0,0,0,0,0,0,0,0,0,0,0,0,0,0,0,0,0,0,0,0
2019-08-01,,,,736,709,272,810,787,431,249390,118822,162163,9212479,76.465,84.908,1210.66,96.0,1.16,93.5,100.704,103.715,8,,,,,,,,,,742.0,687.0,-6.0,728.0,689.0,-19.0,249.0,237.0,23.0,865.0,809.0,-55.0,857.0,808.0,-70.0,419.0,419.0,12.0,359551.0,332847.0,-110161.0,131638.0,125445.0,-12816.0,205308.0,211622.0,-43145.0,9004768.0,10054461.0,207711.0,83.774,93.2,-7.3089999999999975,88.108,92.554,-3.200000000000003,1177.09,1173.58,33.570000000000164,95.9,95.9,0.09999999999999432,1.38,1.5,-0.21999999999999997,119.59,109.55,-26.090000000000003,100.704,100.704,0.0,107.452,106.496,-3.7369999999999948,7.0,6.0,1.0,,708.6666666666666,817.3333333333334,,721.6666666666666,828.0,0,0,0,0,0,0,0,0,0,0,0,0,0,0,0,1,0,0,1,0,0
2019-09-01,,,,672,671,271,819,781,461,278016,112772,168162,16271058,90.784,85.975,1196.79,96.4,1.29,92.26,100.704,105.39,9,,,,,,,,,,736.0,742.0,-64.0,709.0,728.0,-38.0,272.0,249.0,-1.0,810.0,865.0,9.0,787.0,857.0,-6.0,431.0,419.0,30.0,249390.0,359551.0,28626.0,118822.0,131638.0,-6050.0,162163.0,205308.0,5999.0,9212479.0,9004768.0,7058579.0,76.465,83.774,14.319000000000003,84.908,88.108,1.066999999999993,1210.66,1177.09,-13.870000000000118,96.0,95.9,0.4000000000000057,1.16,1.38,0.13000000000000012,93.5,119.59,-1.2399999999999949,100.704,100.704,0.0,103.715,107.452,1.6749999999999972,8.0,7.0,1.0,,702.6666666666666,808.3333333333334,,716.6666666666666,831.3333333333334,1,0,0,0,0,0,0,0,0,0,0,0,1,0,0,0,0,0,0,0,0
2019-10-01,,,,650,671,249,786,785,459,351409,135360,207308,15020250,89.177,84.196,1182.29,96.9,1.36,88.59,100.603,105.039,10,,,,,,,,,,672.0,736.0,-22.0,671.0,709.0,0.0,271.0,272.0,-22.0,819.0,810.0,-33.0,781.0,787.0,4.0,461.0,431.0,-2.0,278016.0,249390.0,73393.0,112772.0,118822.0,22588.0,168162.0,162163.0,39146.0,16271058.0,9212479.0,-1250808.0,90.784,76.465,-1.6069999999999993,85.975,84.908,-1.7789999999999964,1196.79,1210.66,-14.5,96.4,96.0,0.5,1.29,1.16,0.07000000000000006,92.26,93.5,-3.6700000000000017,100.704,100.704,-0.10099999999999909,105.39,103.715,-0.3509999999999991,9.0,8.0,1.0,,683.6666666666666,784.3333333333334,,686.0,805.0,0,0,0,0,0,0,0,0,0,0,0,0,0,0,0,0,0,0,0,0,0
2019-11-01,,,,685,687,243,793,784,462,346404,136855,212308,12411473,87.065,85.441,1168.43,97.5,1.49,82.9,100.503,105.051,11,,,,,,,,,,650.0,672.0,35.0,671.0,671.0,16.0,249.0,271.0,-6.0,786.0,819.0,7.0,785.0,781.0,-1.0,459.0,461.0,3.0,351409.0,278016.0,-5005.0,135360.0,112772.0,1495.0,207308.0,168162.0,5000.0,15020250.0,16271058.0,-2608777.0,89.177,90.784,-2.112000000000009,84.196,85.975,1.2450000000000045,1182.29,1196.79,-13.8599999999999,96.9,96.4,0.5999999999999943,1.36,1.29,0.1299999999999999,88.59,92.26,-5.689999999999998,100.603,100.704,-0.09999999999999432,105.039,105.39,0.012000000000000455,10.0,9.0,1.0,,676.3333333333334,783.3333333333334,,669.0,799.3333333333334,0,0,0,0,0,0,0,0,0,0,0,0,0,0,0,0,0,0,0,0,0
2019-12-01,,,,738,688,289,829,760,526,337512,145313,204850,16153618,90.824,86.775,1176.01,98.1,1.39,90.98,100.402,104.712,12,,,,,,,,,,685.0,650.0,53.0,687.0,671.0,1.0,243.0,249.0,46.0,793.0,786.0,36.0,784.0,785.0,-24.0,462.0,459.0,64.0,346404.0,351409.0,-8892.0,136855.0,135360.0,8458.0,212308.0,207308.0,-7458.0,12411473.0,15020250.0,3742145.0,87.065,89.177,3.7590000000000003,85.441,84.196,1.3340000000000032,1168.43,1182.29,7.579999999999927,97.5,96.9,0.5999999999999943,1.49,1.36,-0.10000000000000009,82.9,88.59,8.079999999999998,100.503,100.603,-0.10099999999999909,105.051,105.039,-0.33899999999999864,11.0,10.0,1.0,,682.0,776.3333333333334,,691.0,802.6666666666666,0,0,0,0,0,0,0,0,0,0,0,0,0,0,0,0,0,0,0,0,1
2020-01-01,3293.0,1489.0,713.0,791,730,591,781,703,599,251578,99964,148546,13750684,89.9,89.1,1166.68,98.4,1.37,95.22,100.3,103.8,1,,,,,,,,,,738.0,685.0,53.0,688.0,687.0,42.0,289.0,243.0,302.0,829.0,793.0,-48.0,760.0,784.0,-57.0,526.0,462.0,73.0,337512.0,346404.0,-85934.0,145313.0,136855.0,-45349.0,204850.0,212308.0,-56304.0,16153618.0,12411473.0,-2402934.0,90.824,87.065,-0.9239999999999924,86.775,85.441,2.3249999999999886,1176.01,1168.43,-9.329999999999927,98.1,97.5,0.30000000000001137,1.39,1.49,-0.019999999999999796,90.98,82.9,4.239999999999995,100.402,100.503,-0.10200000000000387,104.712,105.051,-0.9120000000000061,12.0,11.0,-11.0,,701.6666666666666,749.0,,738.0,801.0,0,0,0,1,0,0,0,0,0,0,0,0,0,0,1,0,1,1,0,1,0
2020-02-01,3127.0,1431.0,697.0,788,795,584,806,809,592,189230,82128,119942,12558812,76.1,89.8,1195.16,98.7,1.25,87.63,100.4,107.7,2,3293.0,,-166.0,1489.0,,-58.0,713.0,,-16.0,791.0,738.0,-3.0,730.0,688.0,65.0,591.0,289.0,-7.0,781.0,829.0,25.0,703.0,760.0,106.0,599.0,526.0,-7.0,251578.0,337512.0,-62348.0,99964.0,145313.0,-17836.0,148546.0,204850.0,-28604.0,13750684.0,16153618.0,-1191872.0,89.9,90.824,-13.800000000000011,89.1,86.775,0.7000000000000028,1166.68,1176.01,28.480000000000018,98.4,98.1,0.29999999999999716,1.37,1.39,-0.1200000000000001,95.22,90.98,-7.590000000000003,100.3,100.402,0.10000000000000853,103.8,104.712,3.9000000000000057,1.0,12.0,1.0,,737.6666666666666,757.3333333333334,,772.3333333333334,805.3333333333334,0,0,0,0,0,0,0,0,0,0,0,0,1,1,0,0,0,0,0,0,0
2020-03-01,3039.0,1454.0,701.0,767,797,553,792,820,561,369037,151478,206677,12476050,93.2,93.3,1220.23,98.6,1.09,88.66,100.3,105.8,3,3127.0,3293.0,-88.0,1431.0,1489.0,23.0,697.0,713.0,4.0,788.0,791.0,-21.0,795.0,730.0,2.0,584.0,591.0,-31.0,806.0,781.0,-14.0,809.0,703.0,11.0,592.0,599.0,-31.0,189230.0,251578.0,179807.0,82128.0,99964.0,69350.0,119942.0,148546.0,86735.0,12558812.0,13750684.0,-82762.0,76.1,89.9,17.10000000000001,89.8,89.1,3.5,1195.16,1166.68,25.069999999999936,98.7,98.4,-0.10000000000000853,1.25,1.37,-0.15999999999999992,87.63,95.22,1.0300000000000011,100.4,100.3,-0.10000000000000853,107.7,103.8,-1.9000000000000057,2.0,1.0,1.0,1458.0,774.0,777.3333333333334,3153.0,782.0,793.0,0,0,0,0,0,0,0,0,0,0,0,0,1,0,0,0,1,1,1,0,0
2020-04-01,2803.0,1268.0,778.0,715,631,636,724,627,555,289532,145562,123240,10342304,88.9,91.8,1224.42,98.5,1.02,83.75,100.3,101.4,4,3039.0,3127.0,-236.0,1454.0,1431.0,-186.0,701.0,697.0,77.0,767.0,788.0,-52.0,797.0,795.0,-166.0,553.0,584.0,83.0,792.0,806.0,-68.0,820.0,809.0,-193.0,561.0,592.0,-6.0,369037.0,189230.0,-79505.0,151478.0,82128.0,-5916.0,206677.0,119942.0,-83437.0,12476050.0,12558812.0,-2133746.0,93.2,76.1,-4.299999999999997,93.3,89.8,-1.5,1220.23,1195.16,4.190000000000055,98.6,98.7,-0.09999999999999432,1.09,1.25,-0.07000000000000006,88.66,87.63,-4.909999999999997,100.3,100.4,0.0,105.8,107.7,-4.3999999999999915,3.0,2.0,1.0,1384.3333333333333,741.0,752.0,2989.6666666666665,756.6666666666666,774.0,0,0,0,1,0,0,0,0,0,0,0,1,0,1,0,0,1,0,0,0,0
2020-05-01,2674.0,1221.0,839.0,625,616,644,593,568,676,231116,146515,95791,14780447,89.0,89.6,1230.06,98.5,0.88,91.33,99.9,91.3,5,2803.0,3039.0,-129.0,1268.0,1454.0,-47.0,778.0,701.0,61.0,715.0,767.0,-90.0,631.0,797.0,-15.0,636.0,553.0,8.0,724.0,792.0,-131.0,627.0,820.0,-59.0,555.0,561.0,121.0,289532.0,369037.0,-58416.0,145562.0,151478.0,953.0,123240.0,206677.0,-27449.0,10342304.0,12476050.0,4438143.0,88.9,93.2,0.09999999999999432,91.8,93.3,-2.200000000000003,1224.42,1220.23,5.639999999999873,98.5,98.6,0.0,1.02,1.09,-0.14,83.75,88.66,7.579999999999998,100.3,100.3,-0.3999999999999915,101.4,105.8,-10.100000000000009,4.0,3.0,1.0,1314.3333333333333,681.3333333333334,671.6666666666666,2838.6666666666665,702.3333333333334,703.0,0,1,0,0,0,0,1,1,0,1,0,0,0,0,0,0,0,0,0,0,0
2020-06-01,2601.0,1272.0,782.0,558,605,595,568,693,564,297033,176821,126677,16975416,104.0,104.9,1207.83,99.0,0.85,103.34,99.9,88.4,6,2674.0,2803.0,-73.0,1221.0,1268.0,51.0,839.0,778.0,-57.0,625.0,715.0,-67.0,616.0,631.0,-11.0,644.0,636.0,-49.0,593.0,724.0,-25.0,568.0,627.0,125.0,676.0,555.0,-112.0,231116.0,289532.0,65917.0,146515.0,145562.0,30306.0,95791.0,123240.0,30886.0,14780447.0,10342304.0,2194969.0,89.0,88.9,15.0,89.6,91.8,15.300000000000011,1230.06,1224.42,-22.230000000000018,98.5,98.5,0.5,0.88,1.02,-0.030000000000000027,91.33,83.75,12.010000000000005,99.9,100.3,0.0,91.3,101.4,-2.8999999999999915,5.0,4.0,1.0,1253.6666666666667,617.3333333333334,629.3333333333334,2692.6666666666665,632.6666666666666,628.3333333333334,0,1,0,0,0,0,0,0,1,0,0,0,1,1,0,0,0,1,0,0,0
2020-07-01,3117.0,1474.0,782.0,698,727,565,684,690,553,345726,144712,186428,15957105,108.0,104.1,1198.86,99.6,0.83,108.02,99.9,91.8,7,2601.0,2674.0,516.0,1272.0,1221.0,202.0,782.0,839.0,0.0,558.0,625.0,140.0,605.0,616.0,122.0,595.0,644.0,-30.0,568.0,593.0,116.0,693.0,568.0,-3.0,564.0,676.0,-11.0,297033.0,231116.0,48693.0,176821.0,146515.0,-32109.0,126677.0,95791.0,59751.0,16975416.0,14780447.0,-1018311.0,104.0,89.0,4.0,104.9,89.6,-0.8000000000000114,1207.83,1230.06,-8.970000000000027,99.0,98.5,0.5999999999999943,0.85,0.88,-0.020000000000000018,103.34,91.33,4.679999999999993,99.9,99.9,0.0,88.4,91.3,3.3999999999999915,6.0,5.0,1.0,1322.3333333333333,649.3333333333334,650.3333333333334,2797.3333333333335,627.0,615.0,0,0,0,0,0,0,0,0,0,0,1,1,0,0,0,0,1,1,0,0,0
2020-08-01,3290.0,1561.0,809.0,759,780,557,802,758,594,233363,112142,130477,15832054,108.1,107.8,1186.26,100.4,0.83,120.07,99.9,95.8,8,3117.0,2601.0,173.0,1474.0,1272.0,87.0,782.0,782.0,27.0,698.0,558.0,61.0,727.0,605.0,53.0,565.0,595.0,-8.0,684.0,568.0,118.0,690.0,693.0,68.0,553.0,564.0,41.0,345726.0,297033.0,-112363.0,144712.0,176821.0,-32570.0,186428.0,126677.0,-55951.0,15957105.0,16975416.0,-125051.0,108.0,104.0,0.09999999999999432,104.1,104.9,3.700000000000003,1198.86,1207.83,-12.599999999999909,99.6,99.0,0.8000000000000114,0.83,0.85,0.0,108.02,103.34,12.049999999999997,99.9,99.9,0.0,91.8,88.4,4.0,7.0,6.0,1.0,1435.6666666666667,704.0,713.6666666666666,3002.6666666666665,671.6666666666666,684.6666666666666,0,0,0,0,0,1,0,0,0,1,0,0,0,0,0,0,1,1,1,0,0
2020-09-01,3145.0,1513.0,769.0,768,796,528,804,869,524,342494,138828,191374,14669281,108.2,108.1,1177.65,101.1,0.91,123.0,99.9,103.0,9,3290.0,3117.0,-145.0,1561.0,1474.0,-48.0,809.0,782.0,-40.0,759.0,698.0,9.0,780.0,727.0,16.0,557.0,565.0,-29.0,802.0,684.0,2.0,758.0,690.0,111.0,594.0,553.0,-70.0,233363.0,345726.0,109131.0,112142.0,144712.0,26686.0,130477.0,186428.0,60897.0,15832054.0,15957105.0,-1162773.0,108.1,108.0,0.10000000000000853,107.8,104.1,0.29999999999999716,1186.26,1198.86,-8.6099999999999,100.4,99.6,0.6999999999999886,0.83,0.83,0.08000000000000007,120.07,108.02,2.930000000000007,99.9,99.9,0.0,95.8,91.8,7.200000000000003,8.0,7.0,1.0,1516.0,767.6666666666666,772.3333333333334,3184.0,741.6666666666666,763.3333333333334,0,0,0,0,0,0,1,0,0,0,0,0,0,1,0,0,1,0,1,0,0
2020-10-01,3084.0,1507.0,745.0,765,834,458,725,807,441,336283,135809,194893,15532675,111.5,108.9,1141.93,101.7,0.91,119.25,99.9,104.1,10,3145.0,3290.0,-61.0,1513.0,1561.0,-6.0,769.0,809.0,-24.0,768.0,759.0,-3.0,796.0,780.0,38.0,528.0,557.0,-70.0,804.0,802.0,-79.0,869.0,758.0,-62.0,524.0,594.0,-83.0,342494.0,233363.0,-6211.0,138828.0,112142.0,-3019.0,191374.0,130477.0,3519.0,14669281.0,15832054.0,863394.0,108.2,108.1,3.299999999999997,108.1,107.8,0.8000000000000114,1177.65,1186.26,-35.72000000000003,101.1,100.4,0.6000000000000085,0.91,0.83,0.0,123.0,120.07,-3.75,99.9,99.9,0.0,103.0,95.8,1.0999999999999943,9.0,8.0,1.0,1527.0,803.3333333333334,811.3333333333334,3173.0,764.0,777.0,0,1,0,1,0,0,0,0,0,0,0,0,0,0,0,0,0,0,0,0,0
2020-11-01,3127.0,1542.0,730.0,749,791,415,773,798,413,324476,143884,187882,17007529,108.1,107.4,1115.2,102.4,0.97,123.52,99.8,103.8,11,3084.0,3145.0,43.0,1507.0,1513.0,35.0,745.0,769.0,-15.0,765.0,768.0,-16.0,834.0,796.0,-43.0,458.0,528.0,-43.0,725.0,804.0,48.0,807.0,869.0,-9.0,441.0,524.0,-28.0,336283.0,342494.0,-11807.0,135809.0,138828.0,8075.0,194893.0,191374.0,-7011.0,15532675.0,14669281.0,1474854.0,111.5,108.2,-3.4000000000000057,108.9,108.1,-1.5,1141.93,1177.65,-26.730000000000018,101.7,101.1,0.7000000000000028,0.91,0.91,0.05999999999999994,119.25,123.0,4.269999999999996,99.9,99.9,-0.10000000000000853,104.1,103.0,-0.29999999999999716,10.0,9.0,1.0,1520.6666666666667,807.0,824.6666666666666,3118.6666666666665,760.6666666666666,767.3333333333334,0,0,0,0,0,0,0,0,0,0,0,0,0,0,0,0,0,0,0,0,0
2020-12-01,3324.0,1504.0,790.0,737,689,462,813,771,451,296906,133375,174756,16321842,114.3,107.7,1094.5,103.0,0.97,153.07,99.8,104.3,12,3127.0,3084.0,197.0,1542.0,1507.0,-38.0,730.0,745.0,60.0,749.0,765.0,-12.0,791.0,834.0,-102.0,415.0,458.0,47.0,773.0,725.0,40.0,798.0,807.0,-27.0,413.0,441.0,38.0,324476.0,336283.0,-27570.0,143884.0,135809.0,-10509.0,187882.0,194893.0,-13126.0,17007529.0,15532675.0,-685687.0,108.1,111.5,6.200000000000003,107.4,108.9,0.29999999999999716,1115.2,1141.93,-20.700000000000045,102.4,101.7,0.5999999999999943,0.97,0.91,0.0,123.52,119.25,29.549999999999997,99.8,99.9,0.0,103.8,104.1,0.5,11.0,10.0,1.0,1517.6666666666667,771.3333333333334,792.0,3178.3333333333335,750.3333333333334,770.3333333333334,0,0,0,0,0,0,0,0,0,0,0,1,0,0,0,1,0,0,0,0,1
2021-01-01,3407.0,1587.0,370.0,870,849,483,818,821,449,314190,116550,192073,16426938,106.5,110.5,1099.03,103.7,0.98,166.74,99.7,100.4,1,3324.0,3127.0,83.0,1504.0,1542.0,83.0,790.0,730.0,-420.0,737.0,749.0,133.0,689.0,791.0,160.0,462.0,415.0,21.0,813.0,773.0,5.0,771.0,798.0,50.0,451.0,413.0,-2.0,296906.0,324476.0,17284.0,133375.0,143884.0,-16825.0,174756.0,187882.0,17317.0,16321842.0,17007529.0,105096.0,114.3,108.1,-7.799999999999997,107.7,107.4,2.799999999999997,1094.5,1115.2,4.529999999999973,103.0,102.4,0.7000000000000028,0.97,0.97,0.010000000000000009,153.07,123.52,13.670000000000016,99.8,99.8,-0.09999999999999432,104.3,103.8,-3.8999999999999915,12.0,11.0,-11.0,1544.3333333333333,776.3333333333334,796.6666666666666,3286.0,785.3333333333334,801.3333333333334,0,0,0,0,0,0,0,0,0,0,1,1,0,0,1,0,0,0,0,1,0
2021-02-01,3092.0,1341.0,457.0,790,771,500,735,730,463,260781,101734,159520,17333044,95.1,99.2,1112.31,104.3,1.0,162.33,99.6,106.2,2,3407.0,3324.0,-315.0,1587.0,1504.0,-246.0,370.0,790.0,87.0,870.0,737.0,-80.0,849.0,689.0,-78.0,483.0,462.0,17.0,818.0,813.0,-83.0,821.0,771.0,-91.0,449.0,451.0,14.0,314190.0,296906.0,-53409.0,116550.0,133375.0,-14816.0,192073.0,174756.0,-32553.0,16426938.0,16321842.0,906106.0,106.5,114.3,-11.400000000000006,110.5,107.7,-11.299999999999997,1099.03,1094.5,13.279999999999973,103.7,103.0,0.5999999999999943,0.98,0.97,0.020000000000000018,166.74,153.07,-4.409999999999997,99.7,99.8,-0.10000000000000853,100.4,104.3,5.799999999999997,1.0,12.0,1.0,1477.3333333333333,769.6666666666666,774.0,3274.3333333333335,799.0,788.6666666666666,0,0,0,0,0,0,1,0,0,0,0,0,0,0,0,0,0,0,0,0,0
2021-03-01,3098.0,1429.0,428.0,843,792,549,790,844,404,333869,141582,194562,16974606,116.2,113.5,1131.06,105.0,1.13,166.74,99.6,104.0,3,3092.0,3407.0,6.0,1341.0,1587.0,88.0,457.0,370.0,-29.0,790.0,870.0,53.0,771.0,849.0,21.0,500.0,483.0,49.0,735.0,818.0,55.0,730.0,821.0,114.0,463.0,449.0,-59.0,260781.0,314190.0,73088.0,101734.0,116550.0,39848.0,159520.0,192073.0,35042.0,17333044.0,16426938.0,-358438.0,95.1,106.5,21.10000000000001,99.2,110.5,14.299999999999997,1112.31,1099.03,18.75,104.3,103.7,0.7000000000000028,1.0,0.98,0.1299999999999999,162.33,166.74,4.409999999999997,99.6,99.7,0.0,106.2,100.4,-2.200000000000003,2.0,1.0,1.0,1452.3333333333333,804.0,798.3333333333334,3199.0,834.3333333333334,781.0,0,0,0,0,0,0,0,0,1,0,0,0,1,1,0,0,0,1,0,0,0
2021-04-01,3277.0,1472.0,444.0,778,783,540,786,801,396,323672,136180,175015,19750657,126.7,122.3,1118.32,105.7,1.14,178.25,99.6,105.3,4,3098.0,3092.0,179.0,1429.0,1341.0,43.0,428.0,457.0,16.0,843.0,790.0,-65.0,792.0,771.0,-9.0,549.0,500.0,-9.0,790.0,735.0,-4.0,844.0,730.0,-43.0,404.0,463.0,-8.0,333869.0,260781.0,-10197.0,141582.0,101734.0,-5402.0,194562.0,159520.0,-19547.0,16974606.0,17333044.0,2776051.0,116.2,95.1,10.5,113.5,99.2,8.799999999999997,1131.06,1112.31,-12.740000000000009,105.0,104.3,0.7000000000000028,1.13,1.0,0.010000000000000009,166.74,162.33,11.509999999999991,99.6,99.6,0.0,104.0,106.2,1.2999999999999972,3.0,2.0,1.0,1414.0,782.0,791.6666666666666,3155.6666666666665,803.6666666666666,770.3333333333334,0,0,0,0,0,0,0,0,0,0,0,0,0,0,0,0,0,0,0,0,0
2021-05-01,3196.0,1426.0,444.0,832,806,566,820,794,406,256333,124802,153524,17556939,114.2,114.2,1123.39,106.4,1.13,202.86,99.5,104.5,5,3277.0,3098.0,-81.0,1472.0,1429.0,-46.0,444.0,428.0,0.0,778.0,843.0,54.0,783.0,792.0,23.0,540.0,549.0,26.0,786.0,790.0,34.0,801.0,844.0,-7.0,396.0,404.0,10.0,323672.0,333869.0,-67339.0,136180.0,141582.0,-11378.0,175015.0,194562.0,-21491.0,19750657.0,16974606.0,-2193718.0,126.7,116.2,-12.5,122.3,113.5,-8.099999999999994,1118.32,1131.06,5.070000000000164,105.7,105.0,0.7000000000000028,1.14,1.13,-0.010000000000000009,178.25,166.74,24.610000000000014,99.6,99.6,-0.09999999999999432,105.3,104.0,-0.7999999999999972,4.0,3.0,1.0,1442.3333333333333,793.6666666666666,813.0,3190.3333333333335,817.6666666666666,798.6666666666666,0,0,0,0,0,0,0,0,0,0,0,0,0,0,0,1,0,0,0,0,0
2021-06-01,3025.0,1298.0,453.0,737,768,534,638,672,367,325781,135497,183514,13874043,115.8,120.5,1121.99,107.0,1.3,215.82,100.0,103.9,6,3196.0,3277.0,-171.0,1426.0,1472.0,-128.0,444.0,444.0,9.0,832.0,778.0,-95.0,806.0,783.0,-38.0,566.0,540.0,-32.0,820.0,786.0,-182.0,794.0,801.0,-122.0,406.0,396.0,-39.0,256333.0,323672.0,69448.0,124802.0,136180.0,10695.0,153524.0,175015.0,29990.0,17556939.0,19750657.0,-3682896.0,114.2,126.7,1.5999999999999943,114.2,122.3,6.299999999999997,1123.39,1118.32,-1.400000000000091,106.4,105.7,0.5999999999999943,1.13,1.14,0.17000000000000015,202.86,178.25,12.95999999999998,99.5,99.6,0.5,104.5,105.3,-0.5999999999999943,5.0,4.0,1.0,1398.6666666666667,785.6666666666666,755.6666666666666,3166.0,782.3333333333334,748.0,0,0,0,0,0,0,0,1,0,1,0,0,0,1,0,0,0,0,0,0,0
2021-07-01,3340.0,1421.0,536.0,844,825,552,790,732,421,297584,124042,181708,16186761,126.9,132.7,1145.14,107.1,1.42,214.34,100.0,106.9,7,3025.0,3196.0,315.0,1298.0,1426.0,123.0,453.0,444.0,83.0,737.0,832.0,107.0,768.0,806.0,57.0,534.0,566.0,18.0,638.0,820.0,152.0,672.0,794.0,60.0,367.0,406.0,54.0,325781.0,256333.0,-28197.0,135497.0,124802.0,-11455.0,183514.0,153524.0,-1806.0,13874043.0,17556939.0,2312718.0,115.8,114.2,11.100000000000009,120.5,114.2,12.199999999999989,1121.99,1123.39,23.15000000000009,107.0,106.4,0.09999999999999432,1.3,1.13,0.11999999999999988,215.82,202.86,-1.4799999999999898,100.0,99.5,0.0,103.9,104.5,3.0,6.0,5.0,1.0,1381.6666666666667,799.6666666666666,732.6666666666666,3187.0,804.3333333333334,749.3333333333334,0,0,0,0,0,0,0,0,1,1,0,0,0,0,0,0,0,0,0,0,0
2021-08-01,3298.0,1309.0,609.0,822,730,652,812,744,472,234963,106796,130213,19312241,121.5,123.5,1161.1,107.1,1.41,162.09,100.1,107.5,8,3340.0,3025.0,-42.0,1421.0,1298.0,-112.0,536.0,453.0,73.0,844.0,737.0,-22.0,825.0,768.0,-95.0,552.0,534.0,100.0,790.0,638.0,22.0,732.0,672.0,12.0,421.0,367.0,51.0,297584.0,325781.0,-62621.0,124042.0,135497.0,-17246.0,181708.0,183514.0,-51495.0,16186761.0,13874043.0,3125480.0,126.9,115.8,-5.400000000000006,132.7,120.5,-9.199999999999989,1145.14,1121.99,15.959999999999809,107.1,107.0,0.0,1.42,1.3,-0.010000000000000009,214.34,215.82,-52.25,100.0,100.0,0.09999999999999432,106.9,103.9,0.5999999999999943,7.0,6.0,1.0,1342.6666666666667,774.3333333333334,716.0,3221.0,801.0,746.6666666666666,0,0,0,1,0,0,0,0,0,0,0,0,0,0,0,1,0,0,0,0,0
2021-09-01,3290.0,1466.0,607.0,768,820,604,811,790,495,229423,92343,151214,14706099,121.8,117.4,1170.43,107.0,1.52,113.72,100.1,107.9,9,3298.0,3340.0,-8.0,1309.0,1421.0,157.0,609.0,536.0,-2.0,822.0,844.0,-54.0,730.0,825.0,90.0,652.0,552.0,-48.0,812.0,790.0,-1.0,744.0,732.0,46.0,472.0,421.0,23.0,234963.0,297584.0,-5540.0,106796.0,124042.0,-14453.0,130213.0,181708.0,21001.0,19312241.0,16186761.0,-4606142.0,121.5,126.9,0.29999999999999716,123.5,132.7,-6.099999999999994,1161.1,1145.14,9.330000000000155,107.1,107.1,-0.09999999999999432,1.41,1.42,0.1100000000000001,162.09,214.34,-48.370000000000005,100.1,100.0,0.0,107.5,106.9,0.4000000000000057,8.0,7.0,1.0,1398.6666666666667,791.6666666666666,755.3333333333334,3309.3333333333335,811.3333333333334,804.3333333333334,0,0,0,0,0,0,0,0,0,0,0,0,0,0,0,1,0,0,0,0,0
2021-10-01,2996.0,1335.0,683.0,732,733,604,776,786,488,263723,107101,160123,16619686,128.1,132.8,1181.87,106.9,1.84,114.48,100.1,104.3,10,3290.0,3298.0,-294.0,1466.0,1309.0,-131.0,607.0,609.0,76.0,768.0,822.0,-36.0,820.0,730.0,-87.0,604.0,652.0,0.0,811.0,812.0,-35.0,790.0,744.0,-4.0,495.0,472.0,-7.0,229423.0,234963.0,34300.0,92343.0,106796.0,14758.0,151214.0,130213.0,8909.0,14706099.0,19312241.0,1913587.0,121.8,121.5,6.299999999999997,117.4,123.5,15.400000000000006,1170.43,1161.1,11.439999999999827,107.0,107.1,-0.09999999999999432,1.52,1.41,0.32000000000000006,113.72,162.09,0.7600000000000051,100.1,100.1,0.0,107.9,107.5,-3.6000000000000085,9.0,8.0,1.0,1370.0,761.0,773.3333333333334,3194.6666666666665,774.0,799.6666666666666,0,0,0,0,1,0,0,0,1,0,0,0,0,0,0,0,0,0,0,0,0
2021-11-01,3161.0,1387.0,757.0,695,696,602,762,741,508,302983,123909,175621,15277025,124.9,114.8,1183.37,106.8,1.95,90.13,100.1,107.2,11,2996.0,3290.0,165.0,1335.0,1466.0,52.0,683.0,607.0,74.0,732.0,768.0,-37.0,733.0,820.0,-37.0,604.0,604.0,-2.0,776.0,811.0,-14.0,786.0,790.0,-45.0,488.0,495.0,20.0,263723.0,229423.0,39260.0,107101.0,92343.0,16808.0,160123.0,151214.0,15498.0,16619686.0,14706099.0,-1342661.0,128.1,121.8,-3.1999999999999886,132.8,117.4,-18.000000000000014,1181.87,1170.43,1.5,106.9,107.0,-0.10000000000000853,1.84,1.52,0.10999999999999988,114.48,113.72,-24.35000000000001,100.1,100.1,0.0,104.3,107.9,2.9000000000000057,10.0,9.0,1.0,1396.0,749.6666666666666,772.3333333333334,3149.0,731.6666666666666,783.0,0,0,0,0,0,0,0,0,1,0,0,0,0,0,0,1,0,0,0,0,0
2021-12-01,3310.0,1439.0,771.0,802,766,635,765,697,570,319197,130250,183485,14637690,112.7,120.5,1183.78,107.0,1.8,110.46,100.1,104.7,12,3161.0,2996.0,149.0,1387.0,1335.0,52.0,757.0,683.0,14.0,695.0,732.0,107.0,696.0,733.0,70.0,602.0,604.0,33.0,762.0,776.0,3.0,741.0,786.0,-44.0,508.0,488.0,62.0,302983.0,263723.0,16214.0,123909.0,107101.0,6341.0,175621.0,160123.0,7864.0,15277025.0,16619686.0,-639335.0,124.9,128.1,-12.200000000000003,114.8,132.8,5.700000000000003,1183.37,1181.87,0.41000000000008185,106.8,106.9,0.20000000000000284,1.95,1.84,-0.1499999999999999,90.13,114.48,20.33,100.1,100.1,0.0,107.2,104.3,-2.5,11.0,10.0,1.0,1387.0,731.6666666666666,741.3333333333334,3155.6666666666665,743.0,767.6666666666666,0,0,0,0,0,0,0,0,0,0,0,0,0,0,0,1,0,0,0,0,1
2022-01-01,3411.0,1405.0,826.0,875,852,679,839,808,589,271071,94387,180373,22122657,125.9,132.3,1195.3,107.4,2.06,133.05,100.1,108.0,1,3310.0,3161.0,101.0,1439.0,1387.0,-34.0,771.0,757.0,55.0,802.0,695.0,73.0,766.0,696.0,86.0,635.0,602.0,44.0,765.0,762.0,74.0,697.0,741.0,111.0,570.0,508.0,19.0,319197.0,302983.0,-48126.0,130250.0,123909.0,-35863.0,183485.0,175621.0,-3112.0,14637690.0,15277025.0,7484967.0,112.7,124.9,13.200000000000003,120.5,114.8,11.800000000000011,1183.78,1183.37,11.519999999999982,107.0,106.8,0.4000000000000057,1.8,1.95,0.26,110.46,90.13,22.590000000000018,100.1,100.1,0.0,104.7,107.2,3.299999999999997,12.0,11.0,-11.0,1410.3333333333333,771.3333333333334,748.6666666666666,3294.0,790.6666666666666,788.6666666666666,1,0,0,0,0,0,0,0,0,0,0,0,0,1,1,1,0,1,0,1,0
2022-02-01,2820.0,1176.0,716.0,757,758,693,742,732,589,263959,103806,165323,16245724,123.5,118.2,1197.75,107.5,2.29,139.7,100.1,104.1,2,3411.0,3310.0,-591.0,1405.0,1439.0,-229.0,826.0,771.0,-110.0,875.0,802.0,-118.0,852.0,766.0,-94.0,679.0,635.0,14.0,839.0,765.0,-97.0,808.0,697.0,-76.0,589.0,570.0,0.0,271071.0,319197.0,-7112.0,94387.0,130250.0,9419.0,180373.0,183485.0,-15050.0,22122657.0,14637690.0,-5876933.0,125.9,112.7,-2.4000000000000057,132.3,120.5,-14.100000000000009,1195.3,1183.78,2.4500000000000455,107.4,107.0,0.09999999999999432,2.06,1.8,0.22999999999999998,133.05,110.46,6.649999999999977,100.1,100.1,0.0,108.0,104.7,-3.9000000000000057,1.0,12.0,1.0,1340.0,792.0,745.6666666666666,3180.3333333333335,811.3333333333334,782.0,0,0,0,0,0,0,0,0,1,0,1,0,0,0,0,0,0,0,0,0,0
2022-03-01,3205.0,1382.0,726.0,823,822,697,746,788,542,302156,111596,177268,20479342,117.9,112.9,1221.27,107.7,2.37,147.35,100.1,105.4,3,2820.0,3411.0,385.0,1176.0,1405.0,206.0,716.0,826.0,10.0,757.0,875.0,66.0,758.0,852.0,64.0,693.0,679.0,4.0,742.0,839.0,4.0,732.0,808.0,56.0,589.0,589.0,-47.0,263959.0,271071.0,38197.0,103806.0,94387.0,7790.0,165323.0,180373.0,11945.0,16245724.0,22122657.0,4233618.0,123.5,125.9,-5.599999999999994,118.2,132.3,-5.299999999999997,1197.75,1195.3,23.519999999999982,107.5,107.4,0.20000000000000284,2.29,2.06,0.08000000000000007,139.7,133.05,7.650000000000006,100.1,100.1,0.0,104.1,108.0,1.3000000000000114,2.0,1.0,1.0,1321.0,810.6666666666666,776.0,3145.3333333333335,818.3333333333334,775.6666666666666,0,0,0,0,0,0,0,0,0,0,0,0,0,0,0,0,0,0,0,0,0
2022-04-01,2866.0,1212.0,626.0,743,786,652,753,747,543,306462,120356,197412,20360770,118.9,115.6,1235.09,107.8,2.94,146.67,100.1,102.0,4,3205.0,2820.0,-339.0,1382.0,1176.0,-170.0,726.0,716.0,-100.0,823.0,757.0,-80.0,822.0,758.0,-36.0,697.0,693.0,-45.0,746.0,742.0,7.0,788.0,732.0,-41.0,542.0,589.0,1.0,302156.0,263959.0,4306.0,111596.0,103806.0,8760.0,177268.0,165323.0,20144.0,20479342.0,16245724.0,-118572.0,117.9,123.5,1.0,112.9,118.2,2.6999999999999886,1221.27,1197.75,13.819999999999936,107.7,107.5,0.09999999999999432,2.37,2.29,0.5699999999999998,147.35,139.7,-0.6800000000000068,100.1,100.1,0.0,105.4,104.1,-3.4000000000000057,3.0,2.0,1.0,1256.6666666666667,788.6666666666666,755.6666666666666,2963.6666666666665,774.3333333333334,747.0,0,0,0,0,1,0,0,0,0,0,0,0,0,0,0,0,0,0,0,0,0
2022-05-01,3199.0,1359.0,633.0,782,771,660,704,707,533,307048,120490,180884,20876130,120.3,119.0,1268.38,108.3,3.02,131.09,100.1,103.8,5,2866.0,3205.0,333.0,1212.0,1382.0,147.0,626.0,726.0,7.0,743.0,823.0,39.0,786.0,822.0,-15.0,652.0,697.0,8.0,753.0,746.0,-49.0,747.0,788.0,-40.0,543.0,542.0,-10.0,306462.0,302156.0,586.0,120356.0,111596.0,134.0,197412.0,177268.0,-16528.0,20360770.0,20479342.0,515360.0,118.9,117.9,1.3999999999999915,115.6,112.9,3.4000000000000057,1235.09,1221.27,33.29000000000019,107.8,107.7,0.5,2.94,2.37,0.08000000000000007,146.67,147.35,-15.579999999999984,100.1,100.1,0.0,102.0,105.4,1.7999999999999972,4.0,3.0,1.0,1317.6666666666667,793.0,747.3333333333334,3090.0,782.6666666666666,734.3333333333334,0,0,0,0,0,0,0,0,0,0,0,0,0,0,0,0,0,0,0,0,0
2022-06-01,3162.0,1293.0,731.0,760,728,690,738,651,612,328360,121869,171765,20559299,114.1,107.0,1280.83,108.6,3.48,131.05,100.1,104.9,6,3199.0,2866.0,-37.0,1359.0,1212.0,-66.0,633.0,626.0,98.0,782.0,743.0,-22.0,771.0,786.0,-43.0,660.0,652.0,30.0,704.0,753.0,34.0,707.0,747.0,-56.0,533.0,543.0,79.0,307048.0,306462.0,21312.0,120490.0,120356.0,1379.0,180884.0,197412.0,-9119.0,20876130.0,20360770.0,-316831.0,120.3,118.9,-6.200000000000003,119.0,115.6,-12.0,1268.38,1235.09,12.449999999999818,108.3,107.8,0.29999999999999716,3.02,2.94,0.45999999999999996,131.09,146.67,-0.03999999999999204,100.1,100.1,0.0,103.8,102.0,1.1000000000000085,5.0,4.0,1.0,1288.0,761.6666666666666,701.6666666666666,3075.6666666666665,761.6666666666666,731.6666666666666,0,0,0,0,1,0,0,0,1,0,0,0,0,0,0,0,0,0,0,0,0
2022-07-01,3302.0,1362.0,713.0,822,817,743,831,791,647,324306,122874,222654,21434349,99.7,105.5,1307.45,108.6,3.24,109.05,100.2,105.0,7,3162.0,3199.0,140.0,1293.0,1359.0,69.0,731.0,633.0,-18.0,760.0,782.0,62.0,728.0,771.0,89.0,690.0,660.0,53.0,738.0,704.0,93.0,651.0,707.0,140.0,612.0,533.0,35.0,328360.0,307048.0,-4054.0,121869.0,120490.0,1005.0,171765.0,180884.0,50889.0,20559299.0,20876130.0,875050.0,114.1,120.3,-14.399999999999991,107.0,119.0,-1.5,1280.83,1268.38,26.62000000000012,108.6,108.3,0.0,3.48,3.02,-0.23999999999999977,131.05,131.09,-22.000000000000014,100.1,100.1,0.10000000000000853,104.9,103.8,0.09999999999999432,6.0,5.0,1.0,1338.0,772.0,716.3333333333334,3221.0,788.0,757.6666666666666,0,0,0,0,0,0,0,0,0,0,0,0,1,1,0,1,0,0,0,0,0
2022-08-01,3171.0,1307.0,659.0,772,769,738,812,787,665,284704,105702,166531,21257873,88.2,98.6,1320.35,108.8,3.25,109.07,100.2,99.3,8,3302.0,3162.0,-131.0,1362.0,1293.0,-55.0,713.0,731.0,-54.0,822.0,760.0,-50.0,817.0,728.0,-48.0,743.0,690.0,-5.0,831.0,738.0,-19.0,791.0,651.0,-4.0,647.0,612.0,18.0,324306.0,328360.0,-39602.0,122874.0,121869.0,-17172.0,222654.0,171765.0,-56123.0,21434349.0,20559299.0,-176476.0,99.7,114.1,-11.5,105.5,107.0,-6.900000000000006,1307.45,1280.83,12.899999999999864,108.6,108.6,0.20000000000000284,3.24,3.48,0.009999999999999787,109.05,131.05,0.01999999999999602,100.2,100.1,0.0,105.0,104.9,-5.700000000000003,7.0,6.0,1.0,1320.6666666666667,771.3333333333334,743.0,3211.6666666666665,784.6666666666666,793.6666666666666,0,0,0,0,0,0,1,0,0,0,0,0,0,0,0,0,1,0,0,0,0
2022-09-01,2460.0,1013.0,739.0,560,625,669,646,696,610,307641,114343,195289,22646875,103.5,94.4,1396.5,109.0,3.9,100.84,100.2,78.7,9,3171.0,3302.0,-711.0,1307.0,1362.0,-294.0,659.0,713.0,80.0,772.0,822.0,-212.0,769.0,817.0,-144.0,738.0,743.0,-69.0,812.0,831.0,-166.0,787.0,791.0,-91.0,665.0,647.0,-55.0,284704.0,324306.0,22937.0,105702.0,122874.0,8641.0,166531.0,222654.0,28758.0,21257873.0,21434349.0,1389002.0,88.2,99.7,15.299999999999997,98.6,105.5,-4.199999999999989,1320.35,1307.45,76.15000000000009,108.8,108.6,0.20000000000000284,3.25,3.24,0.6499999999999999,109.07,109.05,-8.22999999999999,100.2,100.2,0.0,99.3,105.0,-20.599999999999994,8.0,7.0,1.0,1227.3333333333333,737.0,758.0,2977.6666666666665,718.0,763.0,0,0,1,1,1,0,1,0,0,1,1,1,1,0,0,0,0,0,0,0,0
2022-10-01,2246.0,1193.0,580.0,564,588,632,545,651,498,328173,120580,207594,10128951,87.4,99.1,1425.83,109.2,4.24,94.62,100.2,77.3,10,2460.0,3171.0,-214.0,1013.0,1307.0,180.0,739.0,659.0,-159.0,560.0,772.0,4.0,625.0,769.0,-37.0,669.0,738.0,-37.0,646.0,812.0,-101.0,696.0,787.0,-45.0,610.0,665.0,-112.0,307641.0,284704.0,20532.0,114343.0,105702.0,6237.0,195289.0,166531.0,12305.0,22646875.0,21257873.0,-12517924.0,103.5,88.2,-16.099999999999994,94.4,98.6,4.699999999999989,1396.5,1320.35,29.329999999999927,109.0,108.8,0.20000000000000284,3.9,3.25,0.3400000000000003,100.84,109.07,-6.219999999999999,100.2,100.2,0.0,78.7,99.3,-1.4000000000000057,9.0,8.0,1.0,1171.0,660.6666666666666,711.3333333333334,2625.6666666666665,632.0,667.6666666666666,1,1,0,0,1,0,0,0,0,0,0,0,1,0,0,0,0,0,0,0,0
2022-11-01,2083.0,1059.0,552.0,572,558,639,590,626,454,379797,127487,217519,13816718,87.9,90.1,1357.86,109.1,3.9,94.57,100.2,79.2,11,2246.0,2460.0,-163.0,1193.0,1013.0,-134.0,580.0,739.0,-28.0,564.0,560.0,8.0,588.0,625.0,-30.0,632.0,669.0,7.0,545.0,646.0,45.0,651.0,696.0,-25.0,498.0,610.0,-44.0,328173.0,307641.0,51624.0,120580.0,114343.0,6907.0,207594.0,195289.0,9925.0,10128951.0,22646875.0,3687767.0,87.4,103.5,0.5,99.1,94.4,-9.0,1425.83,1396.5,-67.97000000000003,109.2,109.0,-0.10000000000000853,4.24,3.9,-0.3400000000000003,94.62,100.84,-0.05000000000001137,100.2,100.2,0.0,77.3,78.7,1.9000000000000057,10.0,9.0,1.0,1088.3333333333333,590.3333333333334,657.6666666666666,2263.0,565.3333333333334,593.6666666666666,0,0,1,0,1,0,0,0,0,0,0,0,0,0,0,0,0,0,0,0,0
2022-12-01,2806.0,1236.0,516.0,619,689,560,610,682,372,353372,131621,217721,11913011,81.6,78.0,1294.42,108.9,3.63,111.41,100.1,84.1,12,2083.0,2246.0,723.0,1059.0,1193.0,177.0,552.0,580.0,-36.0,572.0,564.0,47.0,558.0,588.0,131.0,639.0,632.0,-79.0,590.0,545.0,20.0,626.0,651.0,56.0,454.0,498.0,-82.0,379797.0,328173.0,-26425.0,127487.0,120580.0,4134.0,217519.0,207594.0,202.0,13816718.0,10128951.0,-1903707.0,87.9,87.4,-6.300000000000011,90.1,99.1,-12.099999999999994,1357.86,1425.83,-63.43999999999983,109.1,109.2,-0.19999999999998863,3.9,4.24,-0.27,94.57,94.62,16.840000000000003,100.2,100.2,-0.10000000000000853,79.2,77.3,4.8999999999999915,11.0,10.0,1.0,1162.6666666666667,611.6666666666666,653.0,2378.3333333333335,585.0,581.6666666666666,0,1,1,1,1,0,1,0,1,0,0,1,0,0,0,1,0,0,0,0,1
2023-01-01,2979.0,1294.0,545.0,737,699,592,752,718,381,307072,100973,198511,25700310,96.0,107.2,1245.34,108.9,3.46,122.43,100.6,91.0,1,2806.0,2083.0,173.0,1236.0,1059.0,58.0,516.0,552.0,29.0,619.0,572.0,118.0,689.0,558.0,10.0,560.0,639.0,32.0,610.0,590.0,142.0,682.0,626.0,36.0,372.0,454.0,9.0,353372.0,379797.0,-46300.0,131621.0,127487.0,-30648.0,217721.0,217519.0,-19210.0,11913011.0,13816718.0,13787299.0,81.6,87.9,14.400000000000006,78.0,90.1,29.200000000000003,1294.42,1357.86,-49.080000000000155,108.9,109.1,0.0,3.63,3.9,-0.16999999999999993,111.41,94.57,11.02000000000001,100.1,100.2,0.5,84.1,79.2,6.900000000000006,12.0,11.0,-11.0,1196.3333333333333,648.6666666666666,675.3333333333334,2622.6666666666665,642.6666666666666,650.6666666666666,1,0,1,0,0,0,1,1,1,1,1,0,1,0,1,0,0,1,0,1,0
2023-02-01,2871.0,1339.0,564.0,709,677,605,731,731,376,347683,125641,222926,14042413,99.5,107.3,1276.54,108.8,3.47,127.08,100.6,97.6,2,2979.0,2806.0,-108.0,1294.0,1236.0,45.0,545.0,516.0,19.0,737.0,619.0,-28.0,699.0,689.0,-22.0,592.0,560.0,13.0,752.0,610.0,-21.0,718.0,682.0,13.0,381.0,372.0,-5.0,307072.0,353372.0,40611.0,100973.0,131621.0,24668.0,198511.0,217721.0,24415.0,25700310.0,11913011.0,-11657897.0,96.0,81.6,3.5,107.2,78.0,0.09999999999999432,1245.34,1294.42,31.200000000000045,108.9,108.9,-0.10000000000000853,3.46,3.63,0.010000000000000231,122.43,111.41,4.6499999999999915,100.6,100.1,0.0,91.0,84.1,6.599999999999994,1.0,12.0,1.0,1289.6666666666667,688.3333333333334,710.3333333333334,2885.3333333333335,688.3333333333334,697.6666666666666,1,0,0,0,0,0,1,0,0,0,0,0,0,0,0,0,0,0,0,0,0
2023-03-01,3305.0,1483.0,610.0,763,765,596,806,805,374,409953,141437,262914,11882099,99.7,102.5,1305.4,109.0,3.46,127.98,100.6,104.1,3,2871.0,2979.0,434.0,1339.0,1294.0,144.0,564.0,545.0,46.0,709.0,737.0,54.0,677.0,699.0,88.0,605.0,592.0,-9.0,731.0,752.0,75.0,731.0,718.0,74.0,376.0,381.0,-2.0,347683.0,307072.0,62270.0,125641.0,100973.0,15796.0,222926.0,198511.0,39988.0,14042413.0,25700310.0,-2160314.0,99.5,96.0,0.20000000000000284,107.3,107.2,-4.799999999999997,1276.54,1245.34,28.860000000000127,108.8,108.9,0.20000000000000284,3.47,3.46,-0.010000000000000231,127.08,122.43,0.9000000000000057,100.6,100.6,0.0,97.6,91.0,6.5,2.0,1.0,1.0,1372.0,713.6666666666666,751.3333333333334,3051.6666666666665,736.3333333333334,763.0,0,0,0,0,0,0,1,0,0,0,0,0,0,0,0,0,0,0,0,0,0
2023-04-01,2906.0,1350.0,659.0,670,669,591,742,768,345,381070,129155,248868,11441454,98.5,97.5,1322.05,109.0,3.26,117.13,100.6,100.7,4,3305.0,2871.0,-399.0,1483.0,1339.0,-133.0,610.0,564.0,49.0,763.0,709.0,-93.0,765.0,677.0,-96.0,596.0,605.0,-5.0,806.0,731.0,-64.0,805.0,731.0,-37.0,374.0,376.0,-29.0,409953.0,347683.0,-28883.0,141437.0,125641.0,-12282.0,262914.0,222926.0,-14046.0,11882099.0,14042413.0,-440645.0,99.7,99.5,-1.2000000000000028,102.5,107.3,-5.0,1305.4,1276.54,16.649999999999864,109.0,108.8,0.0,3.46,3.47,-0.20000000000000018,127.98,127.08,-10.850000000000009,100.6,100.6,0.0,104.1,97.6,-3.3999999999999915,3.0,2.0,1.0,1390.6666666666667,703.6666666666666,768.0,3027.3333333333335,714.0,759.6666666666666,0,0,0,0,0,0,0,0,0,0,0,0,0,0,0,0,0,0,0,0,0
2023-05-01,3048.0,1485.0,671.0,727,700,614,728,694,375,382057,130923,247363,19352742,102.5,99.4,1327.93,109.5,3.33,104.52,100.6,101.6,5,2906.0,3305.0,142.0,1350.0,1483.0,135.0,659.0,610.0,12.0,670.0,763.0,57.0,669.0,765.0,31.0,591.0,596.0,23.0,742.0,806.0,-14.0,768.0,805.0,-74.0,345.0,374.0,30.0,381070.0,409953.0,987.0,129155.0,141437.0,1768.0,248868.0,262914.0,-1505.0,11441454.0,11882099.0,7911288.0,98.5,99.7,4.0,97.5,102.5,1.9000000000000057,1322.05,1305.4,5.880000000000109,109.0,109.0,0.5,3.26,3.46,0.07000000000000028,117.13,127.98,-12.61,100.6,100.6,0.0,100.7,104.1,0.8999999999999915,4.0,3.0,1.0,1439.3333333333333,711.3333333333334,755.6666666666666,3086.3333333333335,720.0,758.6666666666666,1,0,0,0,0,0,0,0,0,0,0,0,0,0,0,0,0,0,0,0,0
2023-06-01,3223.0,1402.0,674.0,777,750,630,806,793,384,369762,134503,240118,13812020,94.9,94.4,1296.55,110.1,3.55,113.09,100.6,101.3,6,3048.0,2906.0,175.0,1485.0,1350.0,-83.0,671.0,659.0,3.0,727.0,670.0,50.0,700.0,669.0,50.0,614.0,591.0,16.0,728.0,742.0,78.0,694.0,768.0,99.0,375.0,345.0,9.0,382057.0,381070.0,-12295.0,130923.0,129155.0,3580.0,247363.0,248868.0,-7245.0,19352742.0,11441454.0,-5540722.0,102.5,98.5,-7.599999999999994,99.4,97.5,-5.0,1327.93,1322.05,-31.38000000000011,109.5,109.0,0.5999999999999943,3.33,3.26,0.21999999999999975,104.52,117.13,8.570000000000007,100.6,100.6,0.0,101.6,100.7,-0.29999999999999716,5.0,4.0,1.0,1412.3333333333333,706.3333333333334,751.6666666666666,3059.0,724.6666666666666,758.6666666666666,0,0,0,0,0,0,0,0,0,0,0,0,0,0,0,0,0,0,0,0,0
2023-07-01,3232.0,1397.0,665.0,781,776,628,842,790,430,352917,115313,229578,12085117,97.4,87.7,1283.22,110.8,3.64,113.98,100.5,98.0,7,3223.0,3048.0,9.0,1402.0,1485.0,-5.0,674.0,671.0,-9.0,777.0,727.0,4.0,750.0,700.0,26.0,630.0,614.0,-2.0,806.0,728.0,36.0,793.0,694.0,-3.0,384.0,375.0,46.0,369762.0,382057.0,-16845.0,134503.0,130923.0,-19190.0,240118.0,247363.0,-10540.0,13812020.0,19352742.0,-1726903.0,94.9,102.5,2.5,94.4,99.4,-6.700000000000003,1296.55,1327.93,-13.329999999999927,110.1,109.5,0.7000000000000028,3.55,3.33,0.0900000000000003,113.09,104.52,0.8900000000000006,100.6,100.6,-0.09999999999999432,101.3,101.6,-3.299999999999997,6.0,5.0,1.0,1428.0,742.0,759.0,3167.6666666666665,761.6666666666666,792.0,0,0,0,0,0,0,0,0,0,0,0,0,0,0,0,0,0,0,0,0,0
2023-08-01,3161.0,1302.0,681.0,789,727,684,816,774,468,311907,107064,201070,10369696,101.3,104.8,1321.54,111.0,3.73,109.61,100.5,97.3,8,3232.0,3223.0,-71.0,1397.0,1402.0,-95.0,665.0,674.0,16.0,781.0,777.0,8.0,776.0,750.0,-49.0,628.0,630.0,56.0,842.0,806.0,-26.0,790.0,793.0,-16.0,430.0,384.0,38.0,352917.0,369762.0,-41010.0,115313.0,134503.0,-8249.0,229578.0,240118.0,-28508.0,12085117.0,13812020.0,-1715421.0,97.4,94.9,3.8999999999999915,87.7,94.4,17.099999999999994,1283.22,1296.55,38.319999999999936,110.8,110.1,0.20000000000000284,3.64,3.55,0.08999999999999986,113.98,113.09,-4.3700000000000045,100.5,100.6,0.0,98.0,101.3,-0.7000000000000028,7.0,6.0,1.0,1367.0,751.0,785.6666666666666,3205.3333333333335,782.3333333333334,821.3333333333334,0,0,1,0,0,0,0,0,1,0,0,0,0,0,0,0,0,0,0,0,0
2023-09-01,2751.0,1279.0,605.0,642,704,637,797,813,448,301509,107149,196659,14178389,100.3,103.6,1331.73,111.3,3.84,120.43,100.5,95.4,9,3161.0,3232.0,-410.0,1302.0,1397.0,-23.0,681.0,665.0,-76.0,789.0,781.0,-147.0,727.0,776.0,-23.0,684.0,628.0,-47.0,816.0,842.0,-19.0,774.0,790.0,39.0,468.0,430.0,-20.0,311907.0,352917.0,-10398.0,107064.0,115313.0,85.0,201070.0,229578.0,-4411.0,10369696.0,12085117.0,3808693.0,101.3,97.4,-1.0,104.8,87.7,-1.2000000000000028,1321.54,1283.22,10.190000000000055,111.0,110.8,0.29999999999999716,3.73,3.64,0.10999999999999988,109.61,113.98,10.820000000000007,100.5,100.5,0.0,97.3,98.0,-1.8999999999999915,8.0,7.0,1.0,1326.0,735.6666666666666,792.3333333333334,3048.0,737.3333333333334,818.3333333333334,0,0,0,0,0,0,0,0,0,0,1,0,0,0,0,0,0,0,0,0,0
2023-10-01,2935.0,1383.0,638.0,642,711,584,782,812,414,341161,117792,224979,15313893,95.9,93.3,1351.11,111.9,4.03,118.75,100.3,100.2,10,2751.0,3161.0,184.0,1279.0,1302.0,104.0,605.0,681.0,33.0,642.0,789.0,0.0,704.0,727.0,7.0,637.0,684.0,-53.0,797.0,816.0,-15.0,813.0,774.0,-1.0,448.0,468.0,-34.0,301509.0,311907.0,39652.0,107149.0,107064.0,10643.0,196659.0,201070.0,28320.0,14178389.0,10369696.0,1135504.0,100.3,101.3,-4.3999999999999915,103.6,104.8,-10.299999999999997,1331.73,1321.54,19.37999999999988,111.3,111.0,0.6000000000000085,3.84,3.73,0.1900000000000004,120.43,109.61,-1.6800000000000068,100.5,100.5,-0.20000000000000284,95.4,97.3,4.799999999999997,9.0,8.0,1.0,1321.3333333333333,714.0,799.6666666666666,2949.0,691.0,798.3333333333334,0,0,0,0,0,0,0,1,0,0,0,0,0,0,0,0,0,0,0,0,0
2023-11-01,2870.0,1370.0,641.0,603,637,546,720,777,354,370386,132722,244814,11096593,102.7,98.0,1308.01,112.3,3.77,131.25,100.3,96.1,11,2935.0,2751.0,-65.0,1383.0,1279.0,-13.0,638.0,605.0,3.0,642.0,642.0,-39.0,711.0,704.0,-74.0,584.0,637.0,-38.0,782.0,797.0,-62.0,812.0,813.0,-35.0,414.0,448.0,-60.0,341161.0,301509.0,29225.0,117792.0,107149.0,14930.0,224979.0,196659.0,19835.0,15313893.0,14178389.0,-4217300.0,95.9,100.3,6.799999999999997,93.3,103.6,4.700000000000003,1351.11,1331.73,-43.09999999999991,111.9,111.3,0.3999999999999915,4.03,3.84,-0.26000000000000023,118.75,120.43,12.5,100.3,100.5,0.0,100.2,95.4,-4.1000000000000085,10.0,9.0,1.0,1344.0,684.0,800.6666666666666,2852.0,629.0,766.3333333333334,0,0,1,0,1,0,0,0,0,0,0,0,0,0,0,0,0,0,0,0,0
2023-12-01,3156.0,1422.0,618.0,749,703,430,794,711,436,367599,114981,247219,18217171,100.4,96.1,1305.12,112.8,3.35,137.55,100.3,94.8,12,2870.0,2935.0,286.0,1370.0,1383.0,52.0,641.0,638.0,-23.0,603.0,642.0,146.0,637.0,711.0,66.0,546.0,584.0,-116.0,720.0,782.0,74.0,777.0,812.0,-66.0,354.0,414.0,82.0,370386.0,341161.0,-2787.0,132722.0,117792.0,-17741.0,244814.0,224979.0,2405.0,11096593.0,15313893.0,7120578.0,102.7,95.9,-2.299999999999997,98.0,93.3,-1.9000000000000057,1308.01,1351.11,-2.8900000000001,112.3,111.9,0.5,3.77,4.03,-0.41999999999999993,131.25,118.75,6.300000000000011,100.3,100.3,0.0,96.1,100.2,-1.2999999999999972,11.0,10.0,1.0,1391.6666666666667,683.6666666666666,766.6666666666666,2987.0,664.6666666666666,765.3333333333334,1,1,0,1,1,0,0,0,0,0,1,0,0,0,0,0,0,0,0,0,1
2024-01-01,3196.0,1425.0,804.0,771,746,455,851,843,444,358011,103355,243243,14382068,106.9,91.2,1325.67,113.2,3.27,136.59,99.5,98.9,1,3156.0,2870.0,40.0,1422.0,1370.0,3.0,618.0,641.0,186.0,749.0,603.0,22.0,703.0,637.0,43.0,430.0,546.0,25.0,794.0,720.0,57.0,711.0,777.0,132.0,436.0,354.0,8.0,367599.0,370386.0,-9588.0,114981.0,132722.0,-11626.0,247219.0,244814.0,-3976.0,18217171.0,11096593.0,-3835103.0,100.4,102.7,6.5,96.1,98.0,-4.8999999999999915,1305.12,1308.01,20.550000000000182,112.8,112.3,0.4000000000000057,3.35,3.77,-0.08000000000000007,137.55,131.25,-0.960000000000008,100.3,100.3,-0.7999999999999972,94.8,96.1,4.1000000000000085,12.0,11.0,-11.0,1405.6666666666667,695.3333333333334,777.0,3074.0,707.6666666666666,788.3333333333334,0,0,0,0,0,0,0,1,0,0,0,0,0,1,1,0,0,0,0,1,0
2024-02-01,2945.0,1215.0,823.0,714,662,508,781,710,511,300499,99671,198733,15529487,106.6,101.8,1331.37,113.7,3.35,125.93,99.5,101.6,2,3196.0,3156.0,-251.0,1425.0,1422.0,-210.0,804.0,618.0,19.0,771.0,749.0,-57.0,746.0,703.0,-84.0,455.0,430.0,53.0,851.0,794.0,-70.0,843.0,711.0,-133.0,444.0,436.0,67.0,358011.0,367599.0,-57512.0,103355.0,114981.0,-3684.0,243243.0,247219.0,-44510.0,14382068.0,18217171.0,1147419.0,106.9,100.4,-0.30000000000001137,91.2,96.1,10.599999999999994,1325.67,1305.12,5.699999999999818,113.2,112.8,0.5,3.27,3.35,0.08000000000000007,136.59,137.55,-10.659999999999997,99.5,100.3,0.0,98.9,94.8,2.6999999999999886,1.0,12.0,1.0,1354.0,703.6666666666666,754.6666666666666,3099.0,744.6666666666666,808.6666666666666,0,0,0,0,0,0,0,0,0,0,0,0,0,1,0,0,0,0,0,0,0
2024-03-01,3284.0,1401.0,913.0,785,792,500,855,852,508,365521,120806,246892,14639238,96.8,96.0,1331.63,113.9,3.31,110.19,99.5,98.3,3,2945.0,3196.0,339.0,1215.0,1425.0,186.0,823.0,804.0,90.0,714.0,771.0,71.0,662.0,746.0,130.0,508.0,455.0,-8.0,781.0,851.0,74.0,710.0,843.0,142.0,511.0,444.0,-3.0,300499.0,358011.0,65022.0,99671.0,103355.0,21135.0,198733.0,243243.0,48159.0,15529487.0,14382068.0,-890249.0,106.6,106.9,-9.799999999999997,101.8,91.2,-5.799999999999997,1331.37,1325.67,0.2600000000002183,113.7,113.2,0.20000000000000284,3.35,3.27,-0.040000000000000036,125.93,136.59,-15.740000000000009,99.5,99.5,0.0,101.6,98.9,-3.299999999999997,2.0,1.0,1.0,1347.0,733.3333333333334,801.6666666666666,3141.6666666666665,756.6666666666666,829.0,0,0,0,0,0,0,0,0,0,0,0,1,0,1,0,0,0,0,0,0,0
2024-04-01,3005.0,1351.0,752.0,723,709,517,767,794,478,394363,119545,270711,17912602,106.4,96.7,1369.25,114.5,3.44,112.23,99.4,97.4,4,3284.0,2945.0,-279.0,1401.0,1215.0,-50.0,913.0,823.0,-161.0,785.0,714.0,-62.0,792.0,662.0,-83.0,500.0,508.0,17.0,855.0,781.0,-88.0,852.0,710.0,-58.0,508.0,511.0,-30.0,365521.0,300499.0,28842.0,120806.0,99671.0,-1261.0,246892.0,198733.0,23819.0,14639238.0,15529487.0,3273364.0,96.8,106.6,9.600000000000009,96.0,101.8,0.7000000000000028,1331.63,1331.37,37.61999999999989,113.9,113.7,0.5999999999999943,3.31,3.35,0.1299999999999999,110.19,125.93,2.0400000000000063,99.5,99.5,-0.09999999999999432,98.3,101.6,-0.8999999999999915,3.0,2.0,1.0,1322.3333333333333,721.0,785.3333333333334,3078.0,740.6666666666666,801.0,0,0,0,0,0,0,0,0,0,0,0,0,0,0,0,0,0,0,0,0,0
2024-05-01,2657.0,1300.0,728.0,690,683,530,704,750,426,372636,117128,255591,15973135,116.6,96.4,1365.05,114.8,3.43,119.24,99.4,92.1,5,3005.0,3284.0,-348.0,1351.0,1401.0,-51.0,752.0,913.0,-24.0,723.0,785.0,-33.0,709.0,792.0,-26.0,517.0,500.0,13.0,767.0,855.0,-63.0,794.0,852.0,-44.0,478.0,508.0,-52.0,394363.0,365521.0,-21727.0,119545.0,120806.0,-2417.0,270711.0,246892.0,-15120.0,17912602.0,14639238.0,-1939467.0,106.4,96.8,10.199999999999989,96.7,96.0,-0.29999999999999716,1369.25,1331.63,-4.2000000000000455,114.5,113.9,0.29999999999999716,3.44,3.31,-0.009999999999999787,112.23,110.19,7.009999999999991,99.4,99.5,0.0,97.4,98.3,-5.300000000000011,4.0,3.0,1.0,1350.6666666666667,728.0,798.6666666666666,2982.0,732.6666666666666,775.3333333333334,0,0,0,0,0,0,1,0,0,0,0,0,0,0,0,0,0,0,0,0,0
2024-06-01,2957.0,1280.0,770.0,742,701,567,829,756,479,353788,112498,252341,19364030,106.0,94.3,1379.95,115.2,3.26,108.1,99.4,93.9,6,2657.0,3005.0,300.0,1300.0,1351.0,-20.0,728.0,752.0,42.0,690.0,723.0,52.0,683.0,709.0,18.0,530.0,517.0,37.0,704.0,767.0,125.0,750.0,794.0,6.0,426.0,478.0,53.0,372636.0,394363.0,-18848.0,117128.0,119545.0,-4630.0,255591.0,270711.0,-3250.0,15973135.0,17912602.0,3390895.0,116.6,106.4,-10.599999999999994,96.4,96.7,-2.1000000000000085,1365.05,1369.25,14.900000000000091,114.8,114.5,0.4000000000000057,3.43,3.44,-0.17000000000000037,119.24,112.23,-11.14,99.4,99.4,0.0,92.1,97.4,1.8000000000000114,5.0,4.0,1.0,1310.3333333333333,697.6666666666666,766.6666666666666,2873.0,718.3333333333334,766.6666666666666,0,0,0,0,0,0,0,0,0,1,0,0,0,0,0,0,0,0,0,0,0
2024-07-01,3027.0,1327.0,727.0,751,723,597,724,667,436,290612,110556,200112,16387224,103.8,93.2,1383.37,115.4,3.08,107.39,99.3,93.2,7,2957.0,2657.0,70.0,1280.0,1300.0,47.0,770.0,728.0,-43.0,742.0,690.0,9.0,701.0,683.0,22.0,567.0,530.0,30.0,829.0,704.0,-105.0,756.0,750.0,-89.0,479.0,426.0,-43.0,353788.0,372636.0,-63176.0,112498.0,117128.0,-1942.0,252341.0,255591.0,-52229.0,19364030.0,15973135.0,-2976806.0,106.0,116.6,-2.200000000000003,94.3,96.4,-1.0999999999999943,1379.95,1365.05,3.4199999999998454,115.2,114.8,0.20000000000000284,3.26,3.43,-0.17999999999999972,108.1,119.24,-0.7099999999999937,99.4,99.4,-0.10000000000000853,93.9,92.1,-0.7000000000000028,6.0,5.0,1.0,1302.3333333333333,702.3333333333334,724.3333333333334,2880.3333333333335,727.6666666666666,752.3333333333334,0,0,0,0,0,0,0,0,0,0,0,0,0,0,0,0,0,0,0,0,0
2024-08-01,3276.0,1391.0,812.0,790,778,608,792,698,474,299649,106092,189893,14258379,104.6,92.2,1352.87,115.6,2.92,100.91,99.0,97.3,8,3027.0,2957.0,249.0,1327.0,1280.0,64.0,727.0,770.0,85.0,751.0,742.0,39.0,723.0,701.0,55.0,597.0,567.0,11.0,724.0,829.0,68.0,667.0,756.0,31.0,436.0,479.0,38.0,290612.0,353788.0,9037.0,110556.0,112498.0,-4464.0,200112.0,252341.0,-10219.0,16387224.0,19364030.0,-2128845.0,103.8,106.0,0.7999999999999972,93.2,94.3,-1.0,1383.37,1379.95,-30.5,115.4,115.2,0.19999999999998863,3.08,3.26,-0.16000000000000014,107.39,108.1,-6.480000000000004,99.3,99.4,-0.29999999999999716,93.2,93.9,4.099999999999994,7.0,6.0,1.0,1332.6666666666667,734.0,707.0,3086.6666666666665,761.0,781.6666666666666,0,0,0,0,0,0,0,1,0,0,0,0,0,0,0,0,0,0,0,0,0
2024-09-01,2937.0,1339.0,679.0,722,719,614,701,671,450,307251,105948,205674,17120356,97.0,83.7,1332.76,115.9,2.87,96.24,99.0,95.5,9,3276.0,3027.0,-339.0,1391.0,1327.0,-52.0,812.0,727.0,-133.0,790.0,751.0,-68.0,778.0,723.0,-59.0,608.0,597.0,6.0,792.0,724.0,-91.0,698.0,667.0,-27.0,474.0,436.0,-24.0,299649.0,290612.0,7602.0,106092.0,110556.0,-144.0,189893.0,200112.0,15781.0,14258379.0,16387224.0,2861977.0,104.6,103.8,-7.599999999999994,92.2,93.2,-8.5,1352.87,1383.37,-20.1099999999999,115.6,115.4,0.30000000000001137,2.92,3.08,-0.04999999999999982,100.91,107.39,-4.670000000000002,99.0,99.3,0.0,97.3,93.2,-1.7999999999999972,8.0,7.0,1.0,1352.3333333333333,740.0,678.6666666666666,3080.0,754.3333333333334,739.0,0,0,0,0,0,0,0,0,0,0,0,0,0,0,0,0,0,0,0,0,0
2024-10-01,2939.0,1295.0,712.0,735,727,620,703,719,372,367584,124587,243483,15876341,101.9,84.6,1365.37,116.2,2.91,106.61,99.0,97.3,10,2937.0,3276.0,2.0,1339.0,1391.0,-44.0,679.0,812.0,33.0,722.0,790.0,13.0,719.0,778.0,8.0,614.0,608.0,6.0,701.0,792.0,2.0,671.0,698.0,48.0,450.0,474.0,-78.0,307251.0,299649.0,60333.0,105948.0,106092.0,18639.0,205674.0,189893.0,37809.0,17120356.0,14258379.0,-1244015.0,97.0,104.6,4.900000000000006,83.7,92.2,0.8999999999999915,1332.76,1352.87,32.6099999999999,115.9,115.6,0.29999999999999716,2.87,2.92,0.040000000000000036,96.24,100.91,10.370000000000005,99.0,99.0,0.0,95.5,97.3,1.7999999999999972,9.0,8.0,1.0,1341.6666666666667,741.3333333333334,696.0,3050.6666666666665,749.0,732.0,0,0,0,0,0,0,0,0,0,0,0,0,0,0,0,0,0,0,0,0,0
2024-11-01,3040.0,1408.0,719.0,682,721,578,692,636,383,344423,124096,224672,18271585,93.4,91.1,1394.32,116.5,2.86,103.98,99.0,96.9,11,2939.0,2937.0,101.0,1295.0,1339.0,113.0,712.0,679.0,7.0,735.0,722.0,-53.0,727.0,719.0,-6.0,620.0,614.0,-42.0,703.0,701.0,-11.0,719.0,671.0,-83.0,372.0,450.0,11.0,367584.0,307251.0,-23161.0,124587.0,105948.0,-491.0,243483.0,205674.0,-18811.0,15876341.0,17120356.0,2395244.0,101.9,97.0,-8.5,84.6,83.7,6.5,1365.37,1332.76,28.950000000000045,116.2,115.9,0.29999999999999716,2.91,2.87,-0.050000000000000266,106.61,96.24,-2.6299999999999955,99.0,99.0,0.0,97.3,95.5,-0.3999999999999915,10.0,9.0,1.0,1347.3333333333333,722.3333333333334,675.3333333333334,2972.0,713.0,698.6666666666666,0,0,0,0,0,0,0,0,0,0,0,0,0,0,0,0,0,0,0,0,0
2024-12-01,3031.0,1337.0,641.0,770,720,624,768,696,413,373143,119313,251701,15483411,109.8,92.1,1436.78,116.5,2.59,105.34,99.0,95.4,12,3040.0,2939.0,-9.0,1408.0,1295.0,-71.0,719.0,712.0,-78.0,682.0,735.0,88.0,721.0,727.0,-1.0,578.0,620.0,46.0,692.0,703.0,76.0,636.0,719.0,60.0,383.0,372.0,30.0,344423.0,367584.0,28720.0,124096.0,124587.0,-4783.0,224672.0,243483.0,27029.0,18271585.0,15876341.0,-2788174.0,93.4,101.9,16.39999999999999,91.1,84.6,1.0,1394.32,1365.37,42.460000000000036,116.5,116.2,0.0,2.86,2.91,-0.27,103.98,106.61,1.3599999999999994,99.0,99.0,0.0,96.9,97.3,-1.5,11.0,10.0,1.0,1346.6666666666667,722.6666666666666,683.6666666666666,3003.3333333333335,729.0,721.0,0,0,1,0,1,0,0,0,0,0,0,0,1,0,0,0,0,0,0,0,1
2025-01-01,3173.0,1373.0,689.0,797,734,684,816,747,475,290705,90849,199796,14690516,95.1,99.1,1455.5,116.5,2.57,103.78,99.1,94.0,1,3031.0,3040.0,142.0,1337.0,1408.0,36.0,641.0,719.0,48.0,770.0,682.0,27.0,720.0,721.0,14.0,624.0,578.0,60.0,768.0,692.0,48.0,696.0,636.0,51.0,413.0,383.0,62.0,373143.0,344423.0,-82438.0,119313.0,124096.0,-28464.0,251701.0,224672.0,-51905.0,15483411.0,18271585.0,-792895.0,109.8,93.4,-14.700000000000003,92.1,91.1,7.0,1436.78,1394.32,18.720000000000027,116.5,116.5,0.0,2.59,2.86,-0.020000000000000018,105.34,103.98,-1.5600000000000023,99.0,99.0,0.09999999999999432,95.4,96.9,-1.4000000000000057,12.0,11.0,-11.0,1372.6666666666667,725.0,693.0,3081.3333333333335,749.6666666666666,758.6666666666666,0,0,0,0,0,0,0,0,0,0,0,0,1,0,1,0,0,0,0,1,0
2025-02-01,2705.0,1298.0,796.0,614,676,617,598,649,393,352045,112682,233082,14726030,98.7,101.4,1445.58,116.9,2.61,108.2,99.1,90.0,2,3173.0,3031.0,-468.0,1373.0,1337.0,-75.0,689.0,641.0,107.0,797.0,770.0,-183.0,734.0,720.0,-58.0,684.0,624.0,-67.0,816.0,768.0,-218.0,747.0,696.0,-98.0,475.0,413.0,-82.0,290705.0,373143.0,61340.0,90849.0,119313.0,21833.0,199796.0,251701.0,33286.0,14690516.0,15483411.0,35514.0,95.1,109.8,3.6000000000000085,99.1,92.1,2.3000000000000114,1455.5,1436.78,-9.920000000000073,116.5,116.5,0.4000000000000057,2.57,2.59,0.040000000000000036,103.78,105.34,4.420000000000002,99.1,99.0,0.0,94.0,95.4,-4.0,1.0,12.0,1.0,1336.0,710.0,697.3333333333334,2969.6666666666665,727.0,727.3333333333334,0,1,0,0,0,0,0,0,0,1,1,0,0,0,0,0,0,0,0,0,0
2025-03-01,3088.0,1454.0,789.0,667,670,607,723,697,354,370486,124383,240821,17204492,94.3,99.1,1457.92,117.6,2.59,103.65,99.1,91.6,3,2705.0,3173.0,383.0,1298.0,1373.0,156.0,796.0,689.0,-7.0,614.0,797.0,53.0,676.0,734.0,-6.0,617.0,684.0,-10.0,598.0,816.0,125.0,649.0,747.0,48.0,393.0,475.0,-39.0,352045.0,290705.0,18441.0,112682.0,90849.0,11701.0,233082.0,199796.0,7739.0,14726030.0,14690516.0,2478462.0,98.7,95.1,-4.400000000000006,101.4,99.1,-2.3000000000000114,1445.58,1455.5,12.340000000000146,116.9,116.5,0.6999999999999886,2.61,2.57,-0.020000000000000018,108.2,103.78,-4.549999999999997,99.1,99.1,0.0,90.0,94.0,1.5999999999999943,2.0,1.0,1.0,1375.0,693.3333333333334,697.6666666666666,2988.6666666666665,692.6666666666666,712.3333333333334,0,0,0,0,0,0,0,0,0,1,0,0,0,0,0,0,0,0,0,0,0
2025-04-01,3090.0,1452.0,658.0,726,770,558,831,776,461,385676,129231,247193,15425522,91.5,89.9,1441.92,118.1,2.4,100.91,99.1,94.4,4,3088.0,2705.0,2.0,1454.0,1298.0,-2.0,789.0,796.0,-131.0,667.0,614.0,59.0,670.0,676.0,100.0,607.0,617.0,-49.0,723.0,598.0,108.0,697.0,649.0,79.0,354.0,393.0,107.0,370486.0,352045.0,15190.0,124383.0,112682.0,4848.0,240821.0,233082.0,6372.0,17204492.0,14726030.0,-1778970.0,94.3,98.7,-2.799999999999997,99.1,101.4,-9.199999999999989,1457.92,1445.58,-16.0,117.6,116.9,0.5,2.59,2.61,-0.18999999999999995,103.65,108.2,-2.740000000000009,99.1,99.1,0.0,91.6,90.0,2.8000000000000114,3.0,2.0,1.0,1401.3333333333333,705.3333333333334,707.3333333333334,2961.0,669.0,717.3333333333334,0,1,0,0,0,0,0,0,0,0,0,1,0,0,0,0,0,0,0,0,0
2025-05-01,3105.0,1394.0,667.0,699,722,531,797,768,457,359212,113743,246469,17349218,86.7,88.6,1390.7,118.6,2.33,100.27,99.1,93.8,5,3090.0,3088.0,15.0,1452.0,1454.0,-58.0,658.0,789.0,9.0,726.0,667.0,-27.0,770.0,670.0,-48.0,558.0,607.0,-27.0,831.0,723.0,-34.0,776.0,697.0,-8.0,461.0,354.0,-4.0,385676.0,370486.0,-26464.0,129231.0,124383.0,-15488.0,247193.0,240821.0,-724.0,15425522.0,17204492.0,1923696.0,91.5,94.3,-4.799999999999997,89.9,99.1,-1.3000000000000114,1441.92,1457.92,-51.22000000000003,118.1,117.6,0.5,2.4,2.59,-0.06999999999999984,100.91,103.65,-0.6400000000000006,99.1,99.1,0.0,94.4,91.6,-0.6000000000000085,4.0,3.0,1.0,1433.3333333333333,720.6666666666666,747.0,3094.3333333333335,697.3333333333334,783.6666666666666,0,0,1,0,0,0,0,0,0,0,0,0,0,0,0,0,0,0,0,0,0
2025-06-01,3087.0,1378.0,567.0,699,686,465,782,749,365,353540,118294,244430,17847329,85.2,85.2,1365.15,119.1,2.44,96.17,99.1,94.6,6,3105.0,3090.0,-18.0,1394.0,1452.0,-16.0,667.0,658.0,-100.0,699.0,726.0,0.0,722.0,770.0,-36.0,531.0,558.0,-66.0,797.0,831.0,-15.0,768.0,776.0,-19.0,457.0,461.0,-92.0,359212.0,385676.0,-5672.0,113743.0,129231.0,4551.0,246469.0,247193.0,-2039.0,17349218.0,15425522.0,498111.0,86.7,91.5,-1.5,88.6,89.9,-3.3999999999999915,1390.7,1441.92,-25.549999999999955,118.6,118.1,0.5,2.33,2.4,0.10999999999999988,100.27,100.91,-4.099999999999994,99.1,99.1,0.0,93.8,94.4,0.7999999999999972,5.0,4.0,1.0,1408.0,726.0,764.3333333333334,3094.0,708.0,803.3333333333334,0,1,0,0,0,0,0,0,0,0,0,0,0,0,0,0,0,0,0,0,0
2025-07-01,3190.0,1371.0,648.0,752,707,576,866,800,352,316630,111531,212091,24157048,97.3,84.4,1376.92,120.1,2.47,101.22,99.1,93.8,7,3087.0,3105.0,103.0,1378.0,1394.0,-7.0,567.0,667.0,81.0,699.0,699.0,53.0,686.0,722.0,21.0,465.0,531.0,111.0,782.0,797.0,84.0,749.0,768.0,51.0,365.0,457.0,-13.0,353540.0,359212.0,-36910.0,118294.0,113743.0,-6763.0,244430.0,246469.0,-32339.0,17847329.0,17349218.0,6309719.0,85.2,86.7,12.099999999999994,85.2,88.6,-0.7999999999999972,1365.15,1390.7,11.769999999999982,119.1,118.6,1.0,2.44,2.33,0.03000000000000025,96.17,100.27,5.049999999999997,99.1,99.1,0.0,94.6,93.8,-0.7999999999999972,6.0,5.0,1.0,1381.0,705.0,772.3333333333334,3127.3333333333335,716.6666666666666,815.0,0,0,0,1,0,1,0,0,0,0,0,0,0,0,0,0,0,0,0,0,0
2025-08-01,3021.0,1285.0,627.0,751,730,595,789,768,340,321030,111676,200253,22419136,87.1,83.7,1389.86,120.9,2.43,103.29,99.1,93.3,8,3190.0,3087.0,-169.0,1371.0,1378.0,-86.0,648.0,567.0,-21.0,752.0,699.0,-1.0,707.0,686.0,23.0,576.0,465.0,19.0,866.0,782.0,-77.0,800.0,749.0,-32.0,352.0,365.0,-12.0,316630.0,353540.0,4400.0,111531.0,118294.0,145.0,212091.0,244430.0,-11838.0,24157048.0,17847329.0,-1737912.0,97.3,85.2,-10.200000000000003,84.4,85.2,-0.7000000000000028,1376.92,1365.15,12.939999999999827,120.1,119.1,0.8000000000000114,2.47,2.44,-0.040000000000000036,101.22,96.17,2.0700000000000074,99.1,99.1,0.0,93.8,94.6,-0.5,7.0,6.0,1.0,1344.6666666666667,707.6666666666666,772.3333333333334,3099.3333333333335,734.0,812.3333333333334,0,0,0,0,0,1,0,0,0,0,0,0,0,0,0,0,0,0,0,0,0
2025-09-01,3111.0,1416.0,589.0,751,751,591,792,744,199,334359,125300,228361,12642359,86.7,85.3,1392.38,121.2,2.46,106.41,99.1,94.9,9,3021.0,3190.0,90.0,1285.0,1371.0,131.0,627.0,648.0,-38.0,751.0,752.0,0.0,730.0,707.0,21.0,595.0,576.0,-4.0,789.0,866.0,3.0,768.0,800.0,-24.0,340.0,352.0,-141.0,321030.0,316630.0,13329.0,111676.0,111531.0,13624.0,200253.0,212091.0,28108.0,22419136.0,24157048.0,-9776777.0,87.1,97.3,-0.3999999999999915,83.7,84.4,1.5999999999999943,1389.86,1376.92,2.520000000000209,120.9,120.1,0.29999999999999716,2.43,2.47,0.029999999999999805,103.29,101.22,3.1199999999999903,99.1,99.1,0.0,93.3,93.8,1.6000000000000085,8.0,7.0,1.0,1357.3333333333333,729.3333333333334,770.6666666666666,3107.3333333333335,751.3333333333334,815.6666666666666,1,1,0,0,0,0,0,0,0,0,0,0,0,0,0,0,0,0,0,0,0
2025-10-01,2967.0,1211.0,652.0,697,670,613,778,707,240,302720,103190,202904,12093912,75.7,75.2,1424.83,121.5,2.6,106.87,99.1,91.8,10,3111.0,3021.0,-144.0,1416.0,1285.0,-205.0,589.0,627.0,63.0,751.0,751.0,-54.0,751.0,730.0,-81.0,591.0,595.0,22.0,792.0,789.0,-14.0,744.0,768.0,-37.0,199.0,340.0,41.0,334359.0,321030.0,-31639.0,125300.0,111676.0,-22110.0,228361.0,200253.0,-25457.0,12642359.0,22419136.0,-548447.0,86.7,87.1,-11.0,85.3,83.7,-10.099999999999994,1392.38,1389.86,32.44999999999982,121.2,120.9,0.29999999999999716,2.46,2.43,0.14000000000000012,106.41,103.29,0.46000000000000796,99.1,99.1,0.0,94.9,93.3,-3.1000000000000085,9.0,8.0,1.0,1304.0,717.0,739.6666666666666,3033.0,733.0,786.3333333333334,0,0,0,0,0,0,0,0,0,0,0,0,0,0,0,0,0,0,0,0,0
2025-11-01,2743.0,1307.0,523.0,570,647,533,673,730,384,354266,117068,236649,19355942,81.7,81.2,1460.44,122.2,2.88,106.23,99.0,89.0,11,2967.0,3111.0,-224.0,1211.0,1416.0,96.0,652.0,589.0,-129.0,697.0,751.0,-127.0,670.0,751.0,-23.0,613.0,591.0,-80.0,778.0,792.0,-105.0,707.0,744.0,23.0,240.0,199.0,144.0,302720.0,334359.0,51546.0,103190.0,125300.0,13878.0,202904.0,228361.0,33745.0,12093912.0,12642359.0,7262030.0,75.7,86.7,6.0,75.2,85.3,6.0,1424.83,1392.38,35.61000000000013,121.5,121.2,0.7000000000000028,2.6,2.46,0.2799999999999998,106.87,106.41,-0.6400000000000006,99.1,99.1,-0.09999999999999432,91.8,94.9,-2.799999999999997,10.0,9.0,1.0,1311.3333333333333,689.3333333333334,727.0,2940.3333333333335,672.6666666666666,747.6666666666666,1,1,0,1,1,0,0,0,0,0,1,0,0,0,0,0,0,0,0,0,0
2025-12-01,3033.0,1266.0,701.0,651,569,611,752,694,405,362814,116558,244878,17354093,80.4,73.1,1467.14,123.1,3.01,107.59,98.5,90.2,12,2743.0,2967.0,290.0,1307.0,1211.0,-41.0,523.0,652.0,178.0,570.0,697.0,81.0,647.0,670.0,-78.0,533.0,613.0,78.0,673.0,778.0,79.0,730.0,707.0,-36.0,384.0,240.0,21.0,354266.0,302720.0,8548.0,117068.0,103190.0,-510.0,236649.0,202904.0,8229.0,19355942.0,12093912.0,-2001849.0,81.7,75.7,-1.2999999999999972,81.2,75.2,-8.100000000000009,1460.44,1424.83,6.7000000000000455,122.2,121.5,0.8999999999999915,2.88,2.6,0.1299999999999999,106.23,106.87,1.3599999999999994,99.0,99.1,-0.5,89.0,91.8,1.2000000000000028,11.0,10.0,1.0,1261.3333333333333,628.6666666666666,710.3333333333334,2914.3333333333335,639.3333333333334,734.3333333333334,0,0,0,1,0,1,0,1,0,0,0,0,0,0,0,0,0,0,0,0,1
2026-01-01,3263.0,1457.0,688.0,770,729,647,825,738,462,360500,103554,246574,17416723,78.3,77.6,1456.28,124.2,3.04,107.45,98.4,94.0,1,3033.0,2743.0,230.0,1266.0,1307.0,191.0,701.0,523.0,-13.0,651.0,570.0,119.0,569.0,647.0,160.0,611.0,533.0,36.0,752.0,673.0,73.0,694.0,730.0,44.0,405.0,384.0,57.0,362814.0,354266.0,-2314.0,116558.0,117068.0,-13004.0,244878.0,236649.0,1696.0,17354093.0,19355942.0,62630.0,80.4,81.7,-2.1000000000000085,73.1,81.2,4.5,1467.14,1460.44,-10.860000000000127,123.1,122.2,1.1000000000000085,3.01,2.88,0.03000000000000025,107.59,106.23,-0.14000000000000057,98.5,99.0,-0.09999999999999432,90.2,89.0,3.799999999999997,12.0,11.0,-11.0,1343.3333333333333,648.3333333333334,720.6666666666666,3013.0,663.6666666666666,750.0,0,0,0,0,0,1,0,0,0,0,1,1,0,0,1,0,0,0,0,1,0
2026-02-01,2814.0,1306.0,673.0,685,683,642,721,668,499,278250,96678,200597,19836565,67.9,71.9,1448.38,125.2,3.17,100.97,98.4,95.6,2,3263.0,3033.0,-449.0,1457.0,1266.0,-151.0,688.0,701.0,-15.0,770.0,651.0,-85.0,729.0,569.0,-46.0,647.0,611.0,-5.0,825.0,752.0,-104.0,738.0,694.0,-70.0,462.0,405.0,37.0,360500.0,362814.0,-82250.0,103554.0,116558.0,-6876.0,246574.0,244878.0,-45977.0,17416723.0,17354093.0,2419842.0,78.3,80.4,-10.399999999999991,77.6,73.1,-5.699999999999989,1456.28,1467.14,-7.899999999999864,124.2,123.1,1.0,3.04,3.01,0.1299999999999999,107.45,107.59,-6.480000000000004,98.4,98.5,0.0,94.0,90.2,1.5999999999999943,1.0,12.0,1.0,1343.0,660.3333333333334,700.0,3036.6666666666665,702.0,766.0,0,0,0,0,0,1,0,0,0,0,0,0,0,0,0,0,0,0,0,0,0
2026-03-01,2895.0,1365.0,637.0,736,711,603,743,725,517,387231,128758,259635,22472395,74.0,76.8,1492.5,126.4,3.38,107.58,98.4,94.4,3,2814.0,3263.0,81.0,1306.0,1457.0,59.0,673.0,688.0,-36.0,685.0,770.0,51.0,683.0,729.0,28.0,642.0,647.0,-39.0,721.0,825.0,22.0,668.0,738.0,57.0,499.0,462.0,18.0,278250.0,360500.0,108981.0,96678.0,103554.0,32080.0,200597.0,246574.0,59038.0,19836565.0,17416723.0,2635830.0,67.9,78.3,6.099999999999994,71.9,77.6,4.8999999999999915,1448.38,1456.28,44.11999999999989,125.2,124.2,1.2000000000000028,3.17,3.04,0.20999999999999996,100.97,107.45,6.609999999999999,98.4,98.4,0.0,95.6,94.0,-1.1999999999999886,2.0,1.0,1.0,1376.0,707.6666666666666,710.3333333333334,2990.6666666666665,730.3333333333334,763.0,0,0,1,0,0,1,0,0,0,0,0,0,0,0,0,0,1,1,1,0,0
